artists,available_markets,disc_number,duration_ms,explicit,href,id,is_local,name,popularity,preview_url,track_number,type,uri,album.album_type,album.artists,album.available_markets,album.href,album.id,album.images,album.name,album.release_date,album.release_date_precision,album.total_tracks,album.type,album.uri,album.external_urls.spotify,external_ids.isrc,external_urls.spotify
,,1,210251,TRUE,https://api.spotify.com/v1/tracks/0Jlcvv8IykzHaSmj49uNW8,0Jlcvv8IykzHaSmj49uNW8,FALSE,the 1,75,NA,1,track,spotify:track:0Jlcvv8IykzHaSmj49uNW8,album,,,https://api.spotify.com/v1/albums/2fenSS68JI1h4Fo296JfGr,2fenSS68JI1h4Fo296JfGr,,folklore,2020-07-24,day,16,album,spotify:album:2fenSS68JI1h4Fo296JfGr,https://open.spotify.com/album/2fenSS68JI1h4Fo296JfGr,USUG12002835,https://open.spotify.com/track/0Jlcvv8IykzHaSmj49uNW8
,,1,239560,FALSE,https://api.spotify.com/v1/tracks/4R2kfaDFhslZEMJqAFNpdd,4R2kfaDFhslZEMJqAFNpdd,FALSE,cardigan,79,NA,2,track,spotify:track:4R2kfaDFhslZEMJqAFNpdd,album,,,https://api.spotify.com/v1/albums/2fenSS68JI1h4Fo296JfGr,2fenSS68JI1h4Fo296JfGr,,folklore,2020-07-24,day,16,album,spotify:album:2fenSS68JI1h4Fo296JfGr,https://open.spotify.com/album/2fenSS68JI1h4Fo296JfGr,USUG12002836,https://open.spotify.com/track/4R2kfaDFhslZEMJqAFNpdd
,,1,230999,TRUE,https://api.spotify.com/v1/tracks/2Eeur20xVqfUoM3Q7EFPFt,2Eeur20xVqfUoM3Q7EFPFt,FALSE,the last great american dynasty,71,NA,3,track,spotify:track:2Eeur20xVqfUoM3Q7EFPFt,album,,,https://api.spotify.com/v1/albums/2fenSS68JI1h4Fo296JfGr,2fenSS68JI1h4Fo296JfGr,,folklore,2020-07-24,day,16,album,spotify:album:2fenSS68JI1h4Fo296JfGr,https://open.spotify.com/album/2fenSS68JI1h4Fo296JfGr,USUG12002837,https://open.spotify.com/track/2Eeur20xVqfUoM3Q7EFPFt
,,1,285634,FALSE,https://api.spotify.com/v1/tracks/4pvb0WLRcMtbPGmtejJJ6y,4pvb0WLRcMtbPGmtejJJ6y,FALSE,exile (feat. Bon Iver),78,NA,4,track,spotify:track:4pvb0WLRcMtbPGmtejJJ6y,album,,,https://api.spotify.com/v1/albums/2fenSS68JI1h4Fo296JfGr,2fenSS68JI1h4Fo296JfGr,,folklore,2020-07-24,day,16,album,spotify:album:2fenSS68JI1h4Fo296JfGr,https://open.spotify.com/album/2fenSS68JI1h4Fo296JfGr,USUG12002838,https://open.spotify.com/track/4pvb0WLRcMtbPGmtejJJ6y
,,1,255893,FALSE,https://api.spotify.com/v1/tracks/1MgV7FIyNxIG7WzMRJV5HC,1MgV7FIyNxIG7WzMRJV5HC,FALSE,my tears ricochet,72,NA,5,track,spotify:track:1MgV7FIyNxIG7WzMRJV5HC,album,,,https://api.spotify.com/v1/albums/2fenSS68JI1h4Fo296JfGr,2fenSS68JI1h4Fo296JfGr,,folklore,2020-07-24,day,16,album,spotify:album:2fenSS68JI1h4Fo296JfGr,https://open.spotify.com/album/2fenSS68JI1h4Fo296JfGr,USUG12002839,https://open.spotify.com/track/1MgV7FIyNxIG7WzMRJV5HC
,,1,208977,FALSE,https://api.spotify.com/v1/tracks/0ZNU020wNYvgW84iljPkPP,0ZNU020wNYvgW84iljPkPP,FALSE,mirrorball,70,NA,6,track,spotify:track:0ZNU020wNYvgW84iljPkPP,album,,,https://api.spotify.com/v1/albums/2fenSS68JI1h4Fo296JfGr,2fenSS68JI1h4Fo296JfGr,,folklore,2020-07-24,day,16,album,spotify:album:2fenSS68JI1h4Fo296JfGr,https://open.spotify.com/album/2fenSS68JI1h4Fo296JfGr,USUG12002840,https://open.spotify.com/track/0ZNU020wNYvgW84iljPkPP
,,1,208906,FALSE,https://api.spotify.com/v1/tracks/6KJqZcs9XDgVck7Lg9QOTC,6KJqZcs9XDgVck7Lg9QOTC,FALSE,seven,69,NA,7,track,spotify:track:6KJqZcs9XDgVck7Lg9QOTC,album,,,https://api.spotify.com/v1/albums/2fenSS68JI1h4Fo296JfGr,2fenSS68JI1h4Fo296JfGr,,folklore,2020-07-24,day,16,album,spotify:album:2fenSS68JI1h4Fo296JfGr,https://open.spotify.com/album/2fenSS68JI1h4Fo296JfGr,USUG12002841,https://open.spotify.com/track/6KJqZcs9XDgVck7Lg9QOTC
,,1,261922,FALSE,https://api.spotify.com/v1/tracks/3hUxzQpSfdDqwM3ZTFQY0K,3hUxzQpSfdDqwM3ZTFQY0K,FALSE,august,80,NA,8,track,spotify:track:3hUxzQpSfdDqwM3ZTFQY0K,album,,,https://api.spotify.com/v1/albums/2fenSS68JI1h4Fo296JfGr,2fenSS68JI1h4Fo296JfGr,,folklore,2020-07-24,day,16,album,spotify:album:2fenSS68JI1h4Fo296JfGr,https://open.spotify.com/album/2fenSS68JI1h4Fo296JfGr,USUG12002842,https://open.spotify.com/track/3hUxzQpSfdDqwM3ZTFQY0K
,,1,195097,FALSE,https://api.spotify.com/v1/tracks/7kt9e9LFSpN1zQtYEl19o1,7kt9e9LFSpN1zQtYEl19o1,FALSE,this is me trying,71,NA,9,track,spotify:track:7kt9e9LFSpN1zQtYEl19o1,album,,,https://api.spotify.com/v1/albums/2fenSS68JI1h4Fo296JfGr,2fenSS68JI1h4Fo296JfGr,,folklore,2020-07-24,day,16,album,spotify:album:2fenSS68JI1h4Fo296JfGr,https://open.spotify.com/album/2fenSS68JI1h4Fo296JfGr,USUG12002843,https://open.spotify.com/track/7kt9e9LFSpN1zQtYEl19o1
,,1,190898,FALSE,https://api.spotify.com/v1/tracks/2NmsngXHeC1GQ9wWrzhOMf,2NmsngXHeC1GQ9wWrzhOMf,FALSE,illicit affairs,70,NA,10,track,spotify:track:2NmsngXHeC1GQ9wWrzhOMf,album,,,https://api.spotify.com/v1/albums/2fenSS68JI1h4Fo296JfGr,2fenSS68JI1h4Fo296JfGr,,folklore,2020-07-24,day,16,album,spotify:album:2fenSS68JI1h4Fo296JfGr,https://open.spotify.com/album/2fenSS68JI1h4Fo296JfGr,USUG12002844,https://open.spotify.com/track/2NmsngXHeC1GQ9wWrzhOMf
,,1,252880,FALSE,https://api.spotify.com/v1/tracks/6VsvKPJ4xjVNKpI8VVZ3SV,6VsvKPJ4xjVNKpI8VVZ3SV,FALSE,invisible string,71,NA,11,track,spotify:track:6VsvKPJ4xjVNKpI8VVZ3SV,album,,,https://api.spotify.com/v1/albums/2fenSS68JI1h4Fo296JfGr,2fenSS68JI1h4Fo296JfGr,,folklore,2020-07-24,day,16,album,spotify:album:2fenSS68JI1h4Fo296JfGr,https://open.spotify.com/album/2fenSS68JI1h4Fo296JfGr,USUG12002845,https://open.spotify.com/track/6VsvKPJ4xjVNKpI8VVZ3SV
,,1,237258,TRUE,https://api.spotify.com/v1/tracks/2QDyYdZyhlP2fp79KZX8Bi,2QDyYdZyhlP2fp79KZX8Bi,FALSE,mad woman,67,NA,12,track,spotify:track:2QDyYdZyhlP2fp79KZX8Bi,album,,,https://api.spotify.com/v1/albums/2fenSS68JI1h4Fo296JfGr,2fenSS68JI1h4Fo296JfGr,,folklore,2020-07-24,day,16,album,spotify:album:2fenSS68JI1h4Fo296JfGr,https://open.spotify.com/album/2fenSS68JI1h4Fo296JfGr,USUG12002846,https://open.spotify.com/track/2QDyYdZyhlP2fp79KZX8Bi
,,1,289749,FALSE,https://api.spotify.com/v1/tracks/08fa9LFcFBTcilB3iq2e2A,08fa9LFcFBTcilB3iq2e2A,FALSE,epiphany,67,NA,13,track,spotify:track:08fa9LFcFBTcilB3iq2e2A,album,,,https://api.spotify.com/v1/albums/2fenSS68JI1h4Fo296JfGr,2fenSS68JI1h4Fo296JfGr,,folklore,2020-07-24,day,16,album,spotify:album:2fenSS68JI1h4Fo296JfGr,https://open.spotify.com/album/2fenSS68JI1h4Fo296JfGr,USUG12002847,https://open.spotify.com/track/08fa9LFcFBTcilB3iq2e2A
,,1,294521,TRUE,https://api.spotify.com/v1/tracks/5kI4eCXXzyuIUXjQra0Cxi,5kI4eCXXzyuIUXjQra0Cxi,FALSE,betty,71,NA,14,track,spotify:track:5kI4eCXXzyuIUXjQra0Cxi,album,,,https://api.spotify.com/v1/albums/2fenSS68JI1h4Fo296JfGr,2fenSS68JI1h4Fo296JfGr,,folklore,2020-07-24,day,16,album,spotify:album:2fenSS68JI1h4Fo296JfGr,https://open.spotify.com/album/2fenSS68JI1h4Fo296JfGr,USUG12002848,https://open.spotify.com/track/5kI4eCXXzyuIUXjQra0Cxi
,,1,234000,TRUE,https://api.spotify.com/v1/tracks/7MbT4I8qGntX4fMdqMQgke,7MbT4I8qGntX4fMdqMQgke,FALSE,peace,67,NA,15,track,spotify:track:7MbT4I8qGntX4fMdqMQgke,album,,,https://api.spotify.com/v1/albums/2fenSS68JI1h4Fo296JfGr,2fenSS68JI1h4Fo296JfGr,,folklore,2020-07-24,day,16,album,spotify:album:2fenSS68JI1h4Fo296JfGr,https://open.spotify.com/album/2fenSS68JI1h4Fo296JfGr,USUG12002849,https://open.spotify.com/track/7MbT4I8qGntX4fMdqMQgke
,,1,220042,FALSE,https://api.spotify.com/v1/tracks/6MWoRt97mnSTXZhu3ggi9C,6MWoRt97mnSTXZhu3ggi9C,FALSE,hoax,66,NA,16,track,spotify:track:6MWoRt97mnSTXZhu3ggi9C,album,,,https://api.spotify.com/v1/albums/2fenSS68JI1h4Fo296JfGr,2fenSS68JI1h4Fo296JfGr,,folklore,2020-07-24,day,16,album,spotify:album:2fenSS68JI1h4Fo296JfGr,https://open.spotify.com/album/2fenSS68JI1h4Fo296JfGr,USUG12002850,https://open.spotify.com/track/6MWoRt97mnSTXZhu3ggi9C
,,1,237066,FALSE,https://api.spotify.com/v1/tracks/6WWvcA62QlnRguluWAk6bv,6WWvcA62QlnRguluWAk6bv,FALSE,Jump Then Fall,45,NA,1,track,spotify:track:6WWvcA62QlnRguluWAk6bv,album,,,https://api.spotify.com/v1/albums/2gP2LMVcIFgVczSJqn340t,2gP2LMVcIFgVczSJqn340t,,Fearless (Platinum Edition),2008-11-11,day,19,album,spotify:album:2gP2LMVcIFgVczSJqn340t,https://open.spotify.com/album/2gP2LMVcIFgVczSJqn340t,USCJY0903521,https://open.spotify.com/track/6WWvcA62QlnRguluWAk6bv
,,1,311040,FALSE,https://api.spotify.com/v1/tracks/6ovFJkdau79DuXEvQjPaNH,6ovFJkdau79DuXEvQjPaNH,FALSE,Untouchable,44,NA,2,track,spotify:track:6ovFJkdau79DuXEvQjPaNH,album,,,https://api.spotify.com/v1/albums/2gP2LMVcIFgVczSJqn340t,2gP2LMVcIFgVczSJqn340t,,Fearless (Platinum Edition),2008-11-11,day,19,album,spotify:album:2gP2LMVcIFgVczSJqn340t,https://open.spotify.com/album/2gP2LMVcIFgVczSJqn340t,USCJY0903519,https://open.spotify.com/track/6ovFJkdau79DuXEvQjPaNH
,,1,267506,FALSE,https://api.spotify.com/v1/tracks/13MAWVUSkbGMUi6I7RowRK,13MAWVUSkbGMUi6I7RowRK,FALSE,Forever & Always - Piano Version,45,NA,3,track,spotify:track:13MAWVUSkbGMUi6I7RowRK,album,,,https://api.spotify.com/v1/albums/2gP2LMVcIFgVczSJqn340t,2gP2LMVcIFgVczSJqn340t,,Fearless (Platinum Edition),2008-11-11,day,19,album,spotify:album:2gP2LMVcIFgVczSJqn340t,https://open.spotify.com/album/2gP2LMVcIFgVczSJqn340t,USCJY0903523,https://open.spotify.com/track/13MAWVUSkbGMUi6I7RowRK
,,1,238093,FALSE,https://api.spotify.com/v1/tracks/0cEG04R5cldkTLzK6phlcn,0cEG04R5cldkTLzK6phlcn,FALSE,Come In With The Rain,42,NA,4,track,spotify:track:0cEG04R5cldkTLzK6phlcn,album,,,https://api.spotify.com/v1/albums/2gP2LMVcIFgVczSJqn340t,2gP2LMVcIFgVczSJqn340t,,Fearless (Platinum Edition),2008-11-11,day,19,album,spotify:album:2gP2LMVcIFgVczSJqn340t,https://open.spotify.com/album/2gP2LMVcIFgVczSJqn340t,USCJY0903520,https://open.spotify.com/track/0cEG04R5cldkTLzK6phlcn
,,1,261453,FALSE,https://api.spotify.com/v1/tracks/0XfTh16YcKPzdxMPTeKTAq,0XfTh16YcKPzdxMPTeKTAq,FALSE,SuperStar,41,NA,5,track,spotify:track:0XfTh16YcKPzdxMPTeKTAq,album,,,https://api.spotify.com/v1/albums/2gP2LMVcIFgVczSJqn340t,2gP2LMVcIFgVczSJqn340t,,Fearless (Platinum Edition),2008-11-11,day,19,album,spotify:album:2gP2LMVcIFgVczSJqn340t,https://open.spotify.com/album/2gP2LMVcIFgVczSJqn340t,USCJY0903522,https://open.spotify.com/track/0XfTh16YcKPzdxMPTeKTAq
,,1,237600,FALSE,https://api.spotify.com/v1/tracks/1yDJcXc549N6AabNBzFAku,1yDJcXc549N6AabNBzFAku,FALSE,The Other Side Of The Door,42,NA,6,track,spotify:track:1yDJcXc549N6AabNBzFAku,album,,,https://api.spotify.com/v1/albums/2gP2LMVcIFgVczSJqn340t,2gP2LMVcIFgVczSJqn340t,,Fearless (Platinum Edition),2008-11-11,day,19,album,spotify:album:2gP2LMVcIFgVczSJqn340t,https://open.spotify.com/album/2gP2LMVcIFgVczSJqn340t,USCJY0803329,https://open.spotify.com/track/1yDJcXc549N6AabNBzFAku
,,1,242000,FALSE,https://api.spotify.com/v1/tracks/2okho7vU7Nsq1UZD0kgIMi,2okho7vU7Nsq1UZD0kgIMi,FALSE,Fearless,45,NA,7,track,spotify:track:2okho7vU7Nsq1UZD0kgIMi,album,,,https://api.spotify.com/v1/albums/2gP2LMVcIFgVczSJqn340t,2gP2LMVcIFgVczSJqn340t,,Fearless (Platinum Edition),2008-11-11,day,19,album,spotify:album:2gP2LMVcIFgVczSJqn340t,https://open.spotify.com/album/2gP2LMVcIFgVczSJqn340t,USCJY0803332,https://open.spotify.com/track/2okho7vU7Nsq1UZD0kgIMi
,,1,294346,FALSE,https://api.spotify.com/v1/tracks/5Ora3Ish2A1JN5veGYTxhw,5Ora3Ish2A1JN5veGYTxhw,FALSE,Fifteen,44,NA,8,track,spotify:track:5Ora3Ish2A1JN5veGYTxhw,album,,,https://api.spotify.com/v1/albums/2gP2LMVcIFgVczSJqn340t,2gP2LMVcIFgVczSJqn340t,,Fearless (Platinum Edition),2008-11-11,day,19,album,spotify:album:2gP2LMVcIFgVczSJqn340t,https://open.spotify.com/album/2gP2LMVcIFgVczSJqn340t,USCJY0803333,https://open.spotify.com/track/5Ora3Ish2A1JN5veGYTxhw
,,1,235280,FALSE,https://api.spotify.com/v1/tracks/5hnJCRSo4pxRsaEwT9YusG,5hnJCRSo4pxRsaEwT9YusG,FALSE,Love Story,58,NA,9,track,spotify:track:5hnJCRSo4pxRsaEwT9YusG,album,,,https://api.spotify.com/v1/albums/2gP2LMVcIFgVczSJqn340t,2gP2LMVcIFgVczSJqn340t,,Fearless (Platinum Edition),2008-11-11,day,19,album,spotify:album:2gP2LMVcIFgVczSJqn340t,https://open.spotify.com/album/2gP2LMVcIFgVczSJqn340t,USCJY0803275,https://open.spotify.com/track/5hnJCRSo4pxRsaEwT9YusG
,,1,254320,FALSE,https://api.spotify.com/v1/tracks/3CI1f4yLwdHzcUnH7o0Xyh,3CI1f4yLwdHzcUnH7o0Xyh,FALSE,Hey Stephen,48,NA,10,track,spotify:track:3CI1f4yLwdHzcUnH7o0Xyh,album,,,https://api.spotify.com/v1/albums/2gP2LMVcIFgVczSJqn340t,2gP2LMVcIFgVczSJqn340t,,Fearless (Platinum Edition),2008-11-11,day,19,album,spotify:album:2gP2LMVcIFgVczSJqn340t,https://open.spotify.com/album/2gP2LMVcIFgVczSJqn340t,USCJY0803323,https://open.spotify.com/track/3CI1f4yLwdHzcUnH7o0Xyh
,,1,234440,FALSE,https://api.spotify.com/v1/tracks/5yKB8qcTSflDercM2PXwot,5yKB8qcTSflDercM2PXwot,FALSE,White Horse,44,NA,11,track,spotify:track:5yKB8qcTSflDercM2PXwot,album,,,https://api.spotify.com/v1/albums/2gP2LMVcIFgVczSJqn340t,2gP2LMVcIFgVczSJqn340t,,Fearless (Platinum Edition),2008-11-11,day,19,album,spotify:album:2gP2LMVcIFgVczSJqn340t,https://open.spotify.com/album/2gP2LMVcIFgVczSJqn340t,USCJY0803264,https://open.spotify.com/track/5yKB8qcTSflDercM2PXwot
,,1,231146,FALSE,https://api.spotify.com/v1/tracks/4kgTdThcDHfuDS2kKxB7Lc,4kgTdThcDHfuDS2kKxB7Lc,FALSE,You Belong With Me,57,NA,12,track,spotify:track:4kgTdThcDHfuDS2kKxB7Lc,album,,,https://api.spotify.com/v1/albums/2gP2LMVcIFgVczSJqn340t,2gP2LMVcIFgVczSJqn340t,,Fearless (Platinum Edition),2008-11-11,day,19,album,spotify:album:2gP2LMVcIFgVczSJqn340t,https://open.spotify.com/album/2gP2LMVcIFgVczSJqn340t,USCJY0803328,https://open.spotify.com/track/4kgTdThcDHfuDS2kKxB7Lc
,,1,263986,FALSE,https://api.spotify.com/v1/tracks/23qIWGhpwvDgC23TyZOUck,23qIWGhpwvDgC23TyZOUck,FALSE,Breathe,42,NA,13,track,spotify:track:23qIWGhpwvDgC23TyZOUck,album,,,https://api.spotify.com/v1/albums/2gP2LMVcIFgVczSJqn340t,2gP2LMVcIFgVczSJqn340t,,Fearless (Platinum Edition),2008-11-11,day,19,album,spotify:album:2gP2LMVcIFgVczSJqn340t,https://open.spotify.com/album/2gP2LMVcIFgVczSJqn340t,USCJY0803331,https://open.spotify.com/track/23qIWGhpwvDgC23TyZOUck
,,1,200560,FALSE,https://api.spotify.com/v1/tracks/4x7Gxk2GfwZJcqpoVT1PbR,4x7Gxk2GfwZJcqpoVT1PbR,FALSE,Tell Me Why,45,NA,14,track,spotify:track:4x7Gxk2GfwZJcqpoVT1PbR,album,,,https://api.spotify.com/v1/albums/2gP2LMVcIFgVczSJqn340t,2gP2LMVcIFgVczSJqn340t,,Fearless (Platinum Edition),2008-11-11,day,19,album,spotify:album:2gP2LMVcIFgVczSJqn340t,https://open.spotify.com/album/2gP2LMVcIFgVczSJqn340t,USCJY0803330,https://open.spotify.com/track/4x7Gxk2GfwZJcqpoVT1PbR
,,1,261800,FALSE,https://api.spotify.com/v1/tracks/3JhvYnOfKLJuWC7jEU0GmJ,3JhvYnOfKLJuWC7jEU0GmJ,FALSE,You're Not Sorry,47,NA,15,track,spotify:track:3JhvYnOfKLJuWC7jEU0GmJ,album,,,https://api.spotify.com/v1/albums/2gP2LMVcIFgVczSJqn340t,2gP2LMVcIFgVczSJqn340t,,Fearless (Platinum Edition),2008-11-11,day,19,album,spotify:album:2gP2LMVcIFgVczSJqn340t,https://open.spotify.com/album/2gP2LMVcIFgVczSJqn340t,USCJY0803334,https://open.spotify.com/track/3JhvYnOfKLJuWC7jEU0GmJ
,,1,244240,FALSE,https://api.spotify.com/v1/tracks/4pEZUytwBzha5Un6m3SCFf,4pEZUytwBzha5Un6m3SCFf,FALSE,The Way I Loved You,53,NA,16,track,spotify:track:4pEZUytwBzha5Un6m3SCFf,album,,,https://api.spotify.com/v1/albums/2gP2LMVcIFgVczSJqn340t,2gP2LMVcIFgVczSJqn340t,,Fearless (Platinum Edition),2008-11-11,day,19,album,spotify:album:2gP2LMVcIFgVczSJqn340t,https://open.spotify.com/album/2gP2LMVcIFgVczSJqn340t,USCJY0803327,https://open.spotify.com/track/4pEZUytwBzha5Un6m3SCFf
,,1,225333,FALSE,https://api.spotify.com/v1/tracks/3NKCWBT2uKp8rxSkcvIrdX,3NKCWBT2uKp8rxSkcvIrdX,FALSE,Forever & Always,49,NA,17,track,spotify:track:3NKCWBT2uKp8rxSkcvIrdX,album,,,https://api.spotify.com/v1/albums/2gP2LMVcIFgVczSJqn340t,2gP2LMVcIFgVczSJqn340t,,Fearless (Platinum Edition),2008-11-11,day,19,album,spotify:album:2gP2LMVcIFgVczSJqn340t,https://open.spotify.com/album/2gP2LMVcIFgVczSJqn340t,USCJY0803336,https://open.spotify.com/track/3NKCWBT2uKp8rxSkcvIrdX
,,1,245346,FALSE,https://api.spotify.com/v1/tracks/7CjuAoOiSrwWv7wJonAUmw,7CjuAoOiSrwWv7wJonAUmw,FALSE,The Best Day,41,NA,18,track,spotify:track:7CjuAoOiSrwWv7wJonAUmw,album,,,https://api.spotify.com/v1/albums/2gP2LMVcIFgVczSJqn340t,2gP2LMVcIFgVczSJqn340t,,Fearless (Platinum Edition),2008-11-11,day,19,album,spotify:album:2gP2LMVcIFgVczSJqn340t,https://open.spotify.com/album/2gP2LMVcIFgVczSJqn340t,USCJY0803326,https://open.spotify.com/track/7CjuAoOiSrwWv7wJonAUmw
,,1,281053,FALSE,https://api.spotify.com/v1/tracks/3gFaNwyiafgUoQhR0pHYA9,3gFaNwyiafgUoQhR0pHYA9,FALSE,Change,44,NA,19,track,spotify:track:3gFaNwyiafgUoQhR0pHYA9,album,,,https://api.spotify.com/v1/albums/2gP2LMVcIFgVczSJqn340t,2gP2LMVcIFgVczSJqn340t,,Fearless (Platinum Edition),2008-11-11,day,19,album,spotify:album:2gP2LMVcIFgVczSJqn340t,https://open.spotify.com/album/2gP2LMVcIFgVczSJqn340t,USCJY0803274,https://open.spotify.com/track/3gFaNwyiafgUoQhR0pHYA9
,,1,232106,FALSE,https://api.spotify.com/v1/tracks/2Fn01AIMyHbha2ceNQeOqw,2Fn01AIMyHbha2ceNQeOqw,FALSE,Tim McGraw,48,NA,1,track,spotify:track:2Fn01AIMyHbha2ceNQeOqw,album,,,https://api.spotify.com/v1/albums/5eyZZoQEFQWRHkV2xgAeBw,5eyZZoQEFQWRHkV2xgAeBw,,Taylor Swift,2006-10-24,day,15,album,spotify:album:5eyZZoQEFQWRHkV2xgAeBw,https://open.spotify.com/album/5eyZZoQEFQWRHkV2xgAeBw,USCJY0603008,https://open.spotify.com/track/2Fn01AIMyHbha2ceNQeOqw
,,1,173066,FALSE,https://api.spotify.com/v1/tracks/4BYejINgfZF0qKDMEH2cim,4BYejINgfZF0qKDMEH2cim,FALSE,Picture To Burn,52,NA,2,track,spotify:track:4BYejINgfZF0qKDMEH2cim,album,,,https://api.spotify.com/v1/albums/5eyZZoQEFQWRHkV2xgAeBw,5eyZZoQEFQWRHkV2xgAeBw,,Taylor Swift,2006-10-24,day,15,album,spotify:album:5eyZZoQEFQWRHkV2xgAeBw,https://open.spotify.com/album/5eyZZoQEFQWRHkV2xgAeBw,USCJY0603250,https://open.spotify.com/track/4BYejINgfZF0qKDMEH2cim
,,1,203040,FALSE,https://api.spotify.com/v1/tracks/2TF4UtYreqNbQ6Z9AccldU,2TF4UtYreqNbQ6Z9AccldU,FALSE,Teardrops On My Guitar - Radio Single Remix,58,NA,3,track,spotify:track:2TF4UtYreqNbQ6Z9AccldU,album,,,https://api.spotify.com/v1/albums/5eyZZoQEFQWRHkV2xgAeBw,5eyZZoQEFQWRHkV2xgAeBw,,Taylor Swift,2006-10-24,day,15,album,spotify:album:5eyZZoQEFQWRHkV2xgAeBw,https://open.spotify.com/album/5eyZZoQEFQWRHkV2xgAeBw,USCJY0603137,https://open.spotify.com/track/2TF4UtYreqNbQ6Z9AccldU
,,1,199200,FALSE,https://api.spotify.com/v1/tracks/1oR4MUBpyNrAViC8wPNpfm,1oR4MUBpyNrAViC8wPNpfm,FALSE,A Place in this World,48,NA,4,track,spotify:track:1oR4MUBpyNrAViC8wPNpfm,album,,,https://api.spotify.com/v1/albums/5eyZZoQEFQWRHkV2xgAeBw,5eyZZoQEFQWRHkV2xgAeBw,,Taylor Swift,2006-10-24,day,15,album,spotify:album:5eyZZoQEFQWRHkV2xgAeBw,https://open.spotify.com/album/5eyZZoQEFQWRHkV2xgAeBw,USCJY0603001,https://open.spotify.com/track/1oR4MUBpyNrAViC8wPNpfm
,,1,239013,FALSE,https://api.spotify.com/v1/tracks/569sXXQ7t0jSdqHooi2yqs,569sXXQ7t0jSdqHooi2yqs,FALSE,Cold As You,49,NA,5,track,spotify:track:569sXXQ7t0jSdqHooi2yqs,album,,,https://api.spotify.com/v1/albums/5eyZZoQEFQWRHkV2xgAeBw,5eyZZoQEFQWRHkV2xgAeBw,,Taylor Swift,2006-10-24,day,15,album,spotify:album:5eyZZoQEFQWRHkV2xgAeBw,https://open.spotify.com/album/5eyZZoQEFQWRHkV2xgAeBw,USCJY0603020,https://open.spotify.com/track/569sXXQ7t0jSdqHooi2yqs
,,1,207106,FALSE,https://api.spotify.com/v1/tracks/5Tj2MqcFMf60CaGsKbM1aq,5Tj2MqcFMf60CaGsKbM1aq,FALSE,The Outside,46,NA,6,track,spotify:track:5Tj2MqcFMf60CaGsKbM1aq,album,,,https://api.spotify.com/v1/albums/5eyZZoQEFQWRHkV2xgAeBw,5eyZZoQEFQWRHkV2xgAeBw,,Taylor Swift,2006-10-24,day,15,album,spotify:album:5eyZZoQEFQWRHkV2xgAeBw,https://open.spotify.com/album/5eyZZoQEFQWRHkV2xgAeBw,USCJY0603006,https://open.spotify.com/track/5Tj2MqcFMf60CaGsKbM1aq
,,1,248106,FALSE,https://api.spotify.com/v1/tracks/2zzxwmoOBnXDT0KnJsoIWk,2zzxwmoOBnXDT0KnJsoIWk,FALSE,Tied Together with a Smile,46,NA,7,track,spotify:track:2zzxwmoOBnXDT0KnJsoIWk,album,,,https://api.spotify.com/v1/albums/5eyZZoQEFQWRHkV2xgAeBw,5eyZZoQEFQWRHkV2xgAeBw,,Taylor Swift,2006-10-24,day,15,album,spotify:album:5eyZZoQEFQWRHkV2xgAeBw,https://open.spotify.com/album/5eyZZoQEFQWRHkV2xgAeBw,USCJY0603007,https://open.spotify.com/track/2zzxwmoOBnXDT0KnJsoIWk
,,1,236053,FALSE,https://api.spotify.com/v1/tracks/41sjzdjScVwnxnxADElts6,41sjzdjScVwnxnxADElts6,FALSE,Stay Beautiful,46,NA,8,track,spotify:track:41sjzdjScVwnxnxADElts6,album,,,https://api.spotify.com/v1/albums/5eyZZoQEFQWRHkV2xgAeBw,5eyZZoQEFQWRHkV2xgAeBw,,Taylor Swift,2006-10-24,day,15,album,spotify:album:5eyZZoQEFQWRHkV2xgAeBw,https://open.spotify.com/album/5eyZZoQEFQWRHkV2xgAeBw,USCJY0603005,https://open.spotify.com/track/41sjzdjScVwnxnxADElts6
,,1,242200,FALSE,https://api.spotify.com/v1/tracks/6CdaXOq1MWe2JHDalTG01d,6CdaXOq1MWe2JHDalTG01d,FALSE,Should've Said No,51,NA,9,track,spotify:track:6CdaXOq1MWe2JHDalTG01d,album,,,https://api.spotify.com/v1/albums/5eyZZoQEFQWRHkV2xgAeBw,5eyZZoQEFQWRHkV2xgAeBw,,Taylor Swift,2006-10-24,day,15,album,spotify:album:5eyZZoQEFQWRHkV2xgAeBw,https://open.spotify.com/album/5eyZZoQEFQWRHkV2xgAeBw,USCJY0603021,https://open.spotify.com/track/6CdaXOq1MWe2JHDalTG01d
,,1,213080,FALSE,https://api.spotify.com/v1/tracks/2O8sogKJCfVZ4rotBv1vVF,2O8sogKJCfVZ4rotBv1vVF,FALSE,Mary's Song (Oh My My My),48,NA,10,track,spotify:track:2O8sogKJCfVZ4rotBv1vVF,album,,,https://api.spotify.com/v1/albums/5eyZZoQEFQWRHkV2xgAeBw,5eyZZoQEFQWRHkV2xgAeBw,,Taylor Swift,2006-10-24,day,15,album,spotify:album:5eyZZoQEFQWRHkV2xgAeBw,https://open.spotify.com/album/5eyZZoQEFQWRHkV2xgAeBw,USCJY0603022,https://open.spotify.com/track/2O8sogKJCfVZ4rotBv1vVF
,,1,201106,FALSE,https://api.spotify.com/v1/tracks/1j6gmK6u4WNI33lMZ8dC1s,1j6gmK6u4WNI33lMZ8dC1s,FALSE,Our Song,53,NA,11,track,spotify:track:1j6gmK6u4WNI33lMZ8dC1s,album,,,https://api.spotify.com/v1/albums/5eyZZoQEFQWRHkV2xgAeBw,5eyZZoQEFQWRHkV2xgAeBw,,Taylor Swift,2006-10-24,day,15,album,spotify:album:5eyZZoQEFQWRHkV2xgAeBw,https://open.spotify.com/album/5eyZZoQEFQWRHkV2xgAeBw,USCJY0703142,https://open.spotify.com/track/1j6gmK6u4WNI33lMZ8dC1s
,,1,213053,FALSE,https://api.spotify.com/v1/tracks/7CzxXgQXurKZCyHz9ufbo1,7CzxXgQXurKZCyHz9ufbo1,FALSE,I'm Only Me When I'm With You,49,NA,12,track,spotify:track:7CzxXgQXurKZCyHz9ufbo1,album,,,https://api.spotify.com/v1/albums/5eyZZoQEFQWRHkV2xgAeBw,5eyZZoQEFQWRHkV2xgAeBw,,Taylor Swift,2006-10-24,day,15,album,spotify:album:5eyZZoQEFQWRHkV2xgAeBw,https://open.spotify.com/album/5eyZZoQEFQWRHkV2xgAeBw,USCJY0703140,https://open.spotify.com/track/7CzxXgQXurKZCyHz9ufbo1
,,1,203226,FALSE,https://api.spotify.com/v1/tracks/1k3PzDNjg38cWqOvL4M9vq,1k3PzDNjg38cWqOvL4M9vq,FALSE,Invisible,47,NA,13,track,spotify:track:1k3PzDNjg38cWqOvL4M9vq,album,,,https://api.spotify.com/v1/albums/5eyZZoQEFQWRHkV2xgAeBw,5eyZZoQEFQWRHkV2xgAeBw,,Taylor Swift,2006-10-24,day,15,album,spotify:album:5eyZZoQEFQWRHkV2xgAeBw,https://open.spotify.com/album/5eyZZoQEFQWRHkV2xgAeBw,USCJY0703138,https://open.spotify.com/track/1k3PzDNjg38cWqOvL4M9vq
,,1,220146,FALSE,https://api.spotify.com/v1/tracks/0YgHuReCSPwTXYny7isLja,0YgHuReCSPwTXYny7isLja,FALSE,A Perfectly Good Heart,44,NA,14,track,spotify:track:0YgHuReCSPwTXYny7isLja,album,,,https://api.spotify.com/v1/albums/5eyZZoQEFQWRHkV2xgAeBw,5eyZZoQEFQWRHkV2xgAeBw,,Taylor Swift,2006-10-24,day,15,album,spotify:album:5eyZZoQEFQWRHkV2xgAeBw,https://open.spotify.com/album/5eyZZoQEFQWRHkV2xgAeBw,USCJY0703139,https://open.spotify.com/track/0YgHuReCSPwTXYny7isLja
,,1,179066,FALSE,https://api.spotify.com/v1/tracks/1hxLyjC9D9Jpw6EAPKqWv4,1hxLyjC9D9Jpw6EAPKqWv4,FALSE,Teardrops on My Guitar - Pop Version,46,NA,15,track,spotify:track:1hxLyjC9D9Jpw6EAPKqWv4,album,,,https://api.spotify.com/v1/albums/5eyZZoQEFQWRHkV2xgAeBw,5eyZZoQEFQWRHkV2xgAeBw,,Taylor Swift,2006-10-24,day,15,album,spotify:album:5eyZZoQEFQWRHkV2xgAeBw,https://open.spotify.com/album/5eyZZoQEFQWRHkV2xgAeBw,USCJY0703148,https://open.spotify.com/track/1hxLyjC9D9Jpw6EAPKqWv4
,,1,230546,FALSE,https://api.spotify.com/v1/tracks/0OAHsZ8vrS2NKom3cvfJQD,0OAHsZ8vrS2NKom3cvfJQD,FALSE,Mine - POP Mix,43,NA,1,track,spotify:track:0OAHsZ8vrS2NKom3cvfJQD,album,,,https://api.spotify.com/v1/albums/6S6JQWzUrJVcJLK4fi74Fw,6S6JQWzUrJVcJLK4fi74Fw,,Speak Now (Deluxe Package),2010-01-01,day,22,album,spotify:album:6S6JQWzUrJVcJLK4fi74Fw,https://open.spotify.com/album/6S6JQWzUrJVcJLK4fi74Fw,GBUM71026563,https://open.spotify.com/track/0OAHsZ8vrS2NKom3cvfJQD
,,1,260946,FALSE,https://api.spotify.com/v1/tracks/09cM9BjyNFizKUOXh6j9rT,09cM9BjyNFizKUOXh6j9rT,FALSE,Sparks Fly,48,NA,2,track,spotify:track:09cM9BjyNFizKUOXh6j9rT,album,,,https://api.spotify.com/v1/albums/6S6JQWzUrJVcJLK4fi74Fw,6S6JQWzUrJVcJLK4fi74Fw,,Speak Now (Deluxe Package),2010-01-01,day,22,album,spotify:album:6S6JQWzUrJVcJLK4fi74Fw,https://open.spotify.com/album/6S6JQWzUrJVcJLK4fi74Fw,USCJY1003656,https://open.spotify.com/track/09cM9BjyNFizKUOXh6j9rT
,,1,293040,FALSE,https://api.spotify.com/v1/tracks/0tr6XR58KBdDYd8qvHVTs8,0tr6XR58KBdDYd8qvHVTs8,FALSE,Back To December,48,NA,3,track,spotify:track:0tr6XR58KBdDYd8qvHVTs8,album,,,https://api.spotify.com/v1/albums/6S6JQWzUrJVcJLK4fi74Fw,6S6JQWzUrJVcJLK4fi74Fw,,Speak Now (Deluxe Package),2010-01-01,day,22,album,spotify:album:6S6JQWzUrJVcJLK4fi74Fw,https://open.spotify.com/album/6S6JQWzUrJVcJLK4fi74Fw,GBUM71027838,https://open.spotify.com/track/0tr6XR58KBdDYd8qvHVTs8
,,1,240773,FALSE,https://api.spotify.com/v1/tracks/2PBghI9zJkQEWBzMSMo2Ki,2PBghI9zJkQEWBzMSMo2Ki,FALSE,Speak Now,47,NA,4,track,spotify:track:2PBghI9zJkQEWBzMSMo2Ki,album,,,https://api.spotify.com/v1/albums/6S6JQWzUrJVcJLK4fi74Fw,6S6JQWzUrJVcJLK4fi74Fw,,Speak Now (Deluxe Package),2010-01-01,day,22,album,spotify:album:6S6JQWzUrJVcJLK4fi74Fw,https://open.spotify.com/album/6S6JQWzUrJVcJLK4fi74Fw,USCJY1003658,https://open.spotify.com/track/2PBghI9zJkQEWBzMSMo2Ki
,,1,403887,FALSE,https://api.spotify.com/v1/tracks/1GeLxMgpeCnMJntwyW6rLw,1GeLxMgpeCnMJntwyW6rLw,FALSE,Dear John,46,NA,5,track,spotify:track:1GeLxMgpeCnMJntwyW6rLw,album,,,https://api.spotify.com/v1/albums/6S6JQWzUrJVcJLK4fi74Fw,6S6JQWzUrJVcJLK4fi74Fw,,Speak Now (Deluxe Package),2010-01-01,day,22,album,spotify:album:6S6JQWzUrJVcJLK4fi74Fw,https://open.spotify.com/album/6S6JQWzUrJVcJLK4fi74Fw,USCJY1003659,https://open.spotify.com/track/1GeLxMgpeCnMJntwyW6rLw
,,1,237746,FALSE,https://api.spotify.com/v1/tracks/6yM6QsnTCTVOkKEvg3hGlo,6yM6QsnTCTVOkKEvg3hGlo,FALSE,Mean,47,NA,6,track,spotify:track:6yM6QsnTCTVOkKEvg3hGlo,album,,,https://api.spotify.com/v1/albums/6S6JQWzUrJVcJLK4fi74Fw,6S6JQWzUrJVcJLK4fi74Fw,,Speak Now (Deluxe Package),2010-01-01,day,22,album,spotify:album:6S6JQWzUrJVcJLK4fi74Fw,https://open.spotify.com/album/6S6JQWzUrJVcJLK4fi74Fw,USCJY1003660,https://open.spotify.com/track/6yM6QsnTCTVOkKEvg3hGlo
,,1,265636,FALSE,https://api.spotify.com/v1/tracks/7vBlnGdfOLzVEqiOQQxeU8,7vBlnGdfOLzVEqiOQQxeU8,FALSE,The Story Of Us,47,NA,7,track,spotify:track:7vBlnGdfOLzVEqiOQQxeU8,album,,,https://api.spotify.com/v1/albums/6S6JQWzUrJVcJLK4fi74Fw,6S6JQWzUrJVcJLK4fi74Fw,,Speak Now (Deluxe Package),2010-01-01,day,22,album,spotify:album:6S6JQWzUrJVcJLK4fi74Fw,https://open.spotify.com/album/6S6JQWzUrJVcJLK4fi74Fw,GBUM71027839,https://open.spotify.com/track/7vBlnGdfOLzVEqiOQQxeU8
,,1,290480,FALSE,https://api.spotify.com/v1/tracks/57w0Uyk2jJAkO2hMJ36xJZ,57w0Uyk2jJAkO2hMJ36xJZ,FALSE,Never Grow Up,42,NA,8,track,spotify:track:57w0Uyk2jJAkO2hMJ36xJZ,album,,,https://api.spotify.com/v1/albums/6S6JQWzUrJVcJLK4fi74Fw,6S6JQWzUrJVcJLK4fi74Fw,,Speak Now (Deluxe Package),2010-01-01,day,22,album,spotify:album:6S6JQWzUrJVcJLK4fi74Fw,https://open.spotify.com/album/6S6JQWzUrJVcJLK4fi74Fw,USCJY1003662,https://open.spotify.com/track/57w0Uyk2jJAkO2hMJ36xJZ
,,1,352200,FALSE,https://api.spotify.com/v1/tracks/3sqrvkNC6IPTIXvvbx9Arw,3sqrvkNC6IPTIXvvbx9Arw,FALSE,Enchanted,49,NA,9,track,spotify:track:3sqrvkNC6IPTIXvvbx9Arw,album,,,https://api.spotify.com/v1/albums/6S6JQWzUrJVcJLK4fi74Fw,6S6JQWzUrJVcJLK4fi74Fw,,Speak Now (Deluxe Package),2010-01-01,day,22,album,spotify:album:6S6JQWzUrJVcJLK4fi74Fw,https://open.spotify.com/album/6S6JQWzUrJVcJLK4fi74Fw,USCJY1003663,https://open.spotify.com/track/3sqrvkNC6IPTIXvvbx9Arw
,,1,217173,FALSE,https://api.spotify.com/v1/tracks/55mh9j2aB7xZ1Oh463gK8k,55mh9j2aB7xZ1Oh463gK8k,FALSE,Better Than Revenge,48,NA,10,track,spotify:track:55mh9j2aB7xZ1Oh463gK8k,album,,,https://api.spotify.com/v1/albums/6S6JQWzUrJVcJLK4fi74Fw,6S6JQWzUrJVcJLK4fi74Fw,,Speak Now (Deluxe Package),2010-01-01,day,22,album,spotify:album:6S6JQWzUrJVcJLK4fi74Fw,https://open.spotify.com/album/6S6JQWzUrJVcJLK4fi74Fw,USCJY1003664,https://open.spotify.com/track/55mh9j2aB7xZ1Oh463gK8k
,,1,302266,FALSE,https://api.spotify.com/v1/tracks/4LraIz87diVQdDK0rhi0S4,4LraIz87diVQdDK0rhi0S4,FALSE,Innocent,42,NA,11,track,spotify:track:4LraIz87diVQdDK0rhi0S4,album,,,https://api.spotify.com/v1/albums/6S6JQWzUrJVcJLK4fi74Fw,6S6JQWzUrJVcJLK4fi74Fw,,Speak Now (Deluxe Package),2010-01-01,day,22,album,spotify:album:6S6JQWzUrJVcJLK4fi74Fw,https://open.spotify.com/album/6S6JQWzUrJVcJLK4fi74Fw,USCJY1003665,https://open.spotify.com/track/4LraIz87diVQdDK0rhi0S4
,,1,242093,FALSE,https://api.spotify.com/v1/tracks/72idZxdEHLbi2YI486c3sE,72idZxdEHLbi2YI486c3sE,FALSE,Haunted,45,NA,12,track,spotify:track:72idZxdEHLbi2YI486c3sE,album,,,https://api.spotify.com/v1/albums/6S6JQWzUrJVcJLK4fi74Fw,6S6JQWzUrJVcJLK4fi74Fw,,Speak Now (Deluxe Package),2010-01-01,day,22,album,spotify:album:6S6JQWzUrJVcJLK4fi74Fw,https://open.spotify.com/album/6S6JQWzUrJVcJLK4fi74Fw,USCJY1003666,https://open.spotify.com/track/72idZxdEHLbi2YI486c3sE
,,1,367146,FALSE,https://api.spotify.com/v1/tracks/1VCJ7vk3Y2DoJIAEOXe3V8,1VCJ7vk3Y2DoJIAEOXe3V8,FALSE,Last Kiss,45,NA,13,track,spotify:track:1VCJ7vk3Y2DoJIAEOXe3V8,album,,,https://api.spotify.com/v1/albums/6S6JQWzUrJVcJLK4fi74Fw,6S6JQWzUrJVcJLK4fi74Fw,,Speak Now (Deluxe Package),2010-01-01,day,22,album,spotify:album:6S6JQWzUrJVcJLK4fi74Fw,https://open.spotify.com/album/6S6JQWzUrJVcJLK4fi74Fw,USCJY1003667,https://open.spotify.com/track/1VCJ7vk3Y2DoJIAEOXe3V8
,,1,317960,FALSE,https://api.spotify.com/v1/tracks/7BFc7ffruhZ4Hecnqf5xju,7BFc7ffruhZ4Hecnqf5xju,FALSE,Long Live,45,NA,14,track,spotify:track:7BFc7ffruhZ4Hecnqf5xju,album,,,https://api.spotify.com/v1/albums/6S6JQWzUrJVcJLK4fi74Fw,6S6JQWzUrJVcJLK4fi74Fw,,Speak Now (Deluxe Package),2010-01-01,day,22,album,spotify:album:6S6JQWzUrJVcJLK4fi74Fw,https://open.spotify.com/album/6S6JQWzUrJVcJLK4fi74Fw,USCJY1003668,https://open.spotify.com/track/7BFc7ffruhZ4Hecnqf5xju
,,1,238173,FALSE,https://api.spotify.com/v1/tracks/0hK93KD6Y0j9giUGh4Valj,0hK93KD6Y0j9giUGh4Valj,FALSE,Ours,53,NA,15,track,spotify:track:0hK93KD6Y0j9giUGh4Valj,album,,,https://api.spotify.com/v1/albums/6S6JQWzUrJVcJLK4fi74Fw,6S6JQWzUrJVcJLK4fi74Fw,,Speak Now (Deluxe Package),2010-01-01,day,22,album,spotify:album:6S6JQWzUrJVcJLK4fi74Fw,https://open.spotify.com/album/6S6JQWzUrJVcJLK4fi74Fw,USCJY1003669,https://open.spotify.com/track/0hK93KD6Y0j9giUGh4Valj
,,1,234546,FALSE,https://api.spotify.com/v1/tracks/5tSmAABuoOfR59lrtXdDqm,5tSmAABuoOfR59lrtXdDqm,FALSE,If This Was A Movie,50,NA,16,track,spotify:track:5tSmAABuoOfR59lrtXdDqm,album,,,https://api.spotify.com/v1/albums/6S6JQWzUrJVcJLK4fi74Fw,6S6JQWzUrJVcJLK4fi74Fw,,Speak Now (Deluxe Package),2010-01-01,day,22,album,spotify:album:6S6JQWzUrJVcJLK4fi74Fw,https://open.spotify.com/album/6S6JQWzUrJVcJLK4fi74Fw,USCJY1003670,https://open.spotify.com/track/5tSmAABuoOfR59lrtXdDqm
,,1,276266,FALSE,https://api.spotify.com/v1/tracks/6aJ0ipi4EPmu1aTbFeXZnw,6aJ0ipi4EPmu1aTbFeXZnw,FALSE,Superman,46,NA,17,track,spotify:track:6aJ0ipi4EPmu1aTbFeXZnw,album,,,https://api.spotify.com/v1/albums/6S6JQWzUrJVcJLK4fi74Fw,6S6JQWzUrJVcJLK4fi74Fw,,Speak Now (Deluxe Package),2010-01-01,day,22,album,spotify:album:6S6JQWzUrJVcJLK4fi74Fw,https://open.spotify.com/album/6S6JQWzUrJVcJLK4fi74Fw,USCJY1003671,https://open.spotify.com/track/6aJ0ipi4EPmu1aTbFeXZnw
,,1,292533,FALSE,https://api.spotify.com/v1/tracks/7k7BOXE4u6luKTwcLEAyrd,7k7BOXE4u6luKTwcLEAyrd,FALSE,Back To December - Acoustic,58,NA,18,track,spotify:track:7k7BOXE4u6luKTwcLEAyrd,album,,,https://api.spotify.com/v1/albums/6S6JQWzUrJVcJLK4fi74Fw,6S6JQWzUrJVcJLK4fi74Fw,,Speak Now (Deluxe Package),2010-01-01,day,22,album,spotify:album:6S6JQWzUrJVcJLK4fi74Fw,https://open.spotify.com/album/6S6JQWzUrJVcJLK4fi74Fw,USCJY1003672,https://open.spotify.com/track/7k7BOXE4u6luKTwcLEAyrd
,,1,217626,FALSE,https://api.spotify.com/v1/tracks/6SdBf0ZsJZoKaH5zcDaz9X,6SdBf0ZsJZoKaH5zcDaz9X,FALSE,Haunted - Acoustic Version,46,NA,19,track,spotify:track:6SdBf0ZsJZoKaH5zcDaz9X,album,,,https://api.spotify.com/v1/albums/6S6JQWzUrJVcJLK4fi74Fw,6S6JQWzUrJVcJLK4fi74Fw,,Speak Now (Deluxe Package),2010-01-01,day,22,album,spotify:album:6S6JQWzUrJVcJLK4fi74Fw,https://open.spotify.com/album/6S6JQWzUrJVcJLK4fi74Fw,USCJY1003673,https://open.spotify.com/track/6SdBf0ZsJZoKaH5zcDaz9X
,,1,230773,FALSE,https://api.spotify.com/v1/tracks/67Io3gxHwfbUreBf114c0u,67Io3gxHwfbUreBf114c0u,FALSE,Mine,62,NA,20,track,spotify:track:67Io3gxHwfbUreBf114c0u,album,,,https://api.spotify.com/v1/albums/6S6JQWzUrJVcJLK4fi74Fw,6S6JQWzUrJVcJLK4fi74Fw,,Speak Now (Deluxe Package),2010-01-01,day,22,album,spotify:album:6S6JQWzUrJVcJLK4fi74Fw,https://open.spotify.com/album/6S6JQWzUrJVcJLK4fi74Fw,USCJY1003645,https://open.spotify.com/track/67Io3gxHwfbUreBf114c0u
,,1,293040,FALSE,https://api.spotify.com/v1/tracks/5aNkiOMxQXkpoEY5bTYoCh,5aNkiOMxQXkpoEY5bTYoCh,FALSE,Back To December,42,NA,21,track,spotify:track:5aNkiOMxQXkpoEY5bTYoCh,album,,,https://api.spotify.com/v1/albums/6S6JQWzUrJVcJLK4fi74Fw,6S6JQWzUrJVcJLK4fi74Fw,,Speak Now (Deluxe Package),2010-01-01,day,22,album,spotify:album:6S6JQWzUrJVcJLK4fi74Fw,https://open.spotify.com/album/6S6JQWzUrJVcJLK4fi74Fw,USCJY1003657,https://open.spotify.com/track/5aNkiOMxQXkpoEY5bTYoCh
,,1,266480,FALSE,https://api.spotify.com/v1/tracks/2jt90bYlYDg1lXYWES34LJ,2jt90bYlYDg1lXYWES34LJ,FALSE,The Story Of Us,58,NA,22,track,spotify:track:2jt90bYlYDg1lXYWES34LJ,album,,,https://api.spotify.com/v1/albums/6S6JQWzUrJVcJLK4fi74Fw,6S6JQWzUrJVcJLK4fi74Fw,,Speak Now (Deluxe Package),2010-01-01,day,22,album,spotify:album:6S6JQWzUrJVcJLK4fi74Fw,https://open.spotify.com/album/6S6JQWzUrJVcJLK4fi74Fw,USCJY1003661,https://open.spotify.com/track/2jt90bYlYDg1lXYWES34LJ
,,1,295720,FALSE,https://api.spotify.com/v1/tracks/0b16LTzby1YRVd2nq2Z0fw,0b16LTzby1YRVd2nq2Z0fw,FALSE,State Of Grace,60,NA,1,track,spotify:track:0b16LTzby1YRVd2nq2Z0fw,album,,,https://api.spotify.com/v1/albums/1KVKqWeRuXsJDLTW0VuD29,1KVKqWeRuXsJDLTW0VuD29,,Red (Deluxe Edition),2012-10-22,day,22,album,spotify:album:1KVKqWeRuXsJDLTW0VuD29,https://open.spotify.com/album/1KVKqWeRuXsJDLTW0VuD29,USCJY1231019,https://open.spotify.com/track/0b16LTzby1YRVd2nq2Z0fw
,,1,223093,FALSE,https://api.spotify.com/v1/tracks/7gJtmLyPTwKzhGzMBXtuXH,7gJtmLyPTwKzhGzMBXtuXH,FALSE,Red,64,NA,2,track,spotify:track:7gJtmLyPTwKzhGzMBXtuXH,album,,,https://api.spotify.com/v1/albums/1KVKqWeRuXsJDLTW0VuD29,1KVKqWeRuXsJDLTW0VuD29,,Red (Deluxe Edition),2012-10-22,day,22,album,spotify:album:1KVKqWeRuXsJDLTW0VuD29,https://open.spotify.com/album/1KVKqWeRuXsJDLTW0VuD29,USCJY1231020,https://open.spotify.com/track/7gJtmLyPTwKzhGzMBXtuXH
,,1,242760,FALSE,https://api.spotify.com/v1/tracks/7nECwCDHS1JvQbrmuorZIH,7nECwCDHS1JvQbrmuorZIH,FALSE,Treacherous,59,NA,3,track,spotify:track:7nECwCDHS1JvQbrmuorZIH,album,,,https://api.spotify.com/v1/albums/1KVKqWeRuXsJDLTW0VuD29,1KVKqWeRuXsJDLTW0VuD29,,Red (Deluxe Edition),2012-10-22,day,22,album,spotify:album:1KVKqWeRuXsJDLTW0VuD29,https://open.spotify.com/album/1KVKqWeRuXsJDLTW0VuD29,USCJY1231038,https://open.spotify.com/track/7nECwCDHS1JvQbrmuorZIH
,,1,219720,FALSE,https://api.spotify.com/v1/tracks/3lKZf71jeNi14udIFPJ29V,3lKZf71jeNi14udIFPJ29V,FALSE,I Knew You Were Trouble.,64,NA,4,track,spotify:track:3lKZf71jeNi14udIFPJ29V,album,,,https://api.spotify.com/v1/albums/1KVKqWeRuXsJDLTW0VuD29,1KVKqWeRuXsJDLTW0VuD29,,Red (Deluxe Edition),2012-10-22,day,22,album,spotify:album:1KVKqWeRuXsJDLTW0VuD29,https://open.spotify.com/album/1KVKqWeRuXsJDLTW0VuD29,USCJY1231039,https://open.spotify.com/track/3lKZf71jeNi14udIFPJ29V
,,1,329160,FALSE,https://api.spotify.com/v1/tracks/6GNRkaWUB0Lwc19SdkTgx8,6GNRkaWUB0Lwc19SdkTgx8,FALSE,All Too Well,70,NA,5,track,spotify:track:6GNRkaWUB0Lwc19SdkTgx8,album,,,https://api.spotify.com/v1/albums/1KVKqWeRuXsJDLTW0VuD29,1KVKqWeRuXsJDLTW0VuD29,,Red (Deluxe Edition),2012-10-22,day,22,album,spotify:album:1KVKqWeRuXsJDLTW0VuD29,https://open.spotify.com/album/1KVKqWeRuXsJDLTW0VuD29,USCJY1231021,https://open.spotify.com/track/6GNRkaWUB0Lwc19SdkTgx8
,,1,232120,FALSE,https://api.spotify.com/v1/tracks/3WC5CVAahvn98hiseoIvbw,3WC5CVAahvn98hiseoIvbw,FALSE,22,62,NA,6,track,spotify:track:3WC5CVAahvn98hiseoIvbw,album,,,https://api.spotify.com/v1/albums/1KVKqWeRuXsJDLTW0VuD29,1KVKqWeRuXsJDLTW0VuD29,,Red (Deluxe Edition),2012-10-22,day,22,album,spotify:album:1KVKqWeRuXsJDLTW0VuD29,https://open.spotify.com/album/1KVKqWeRuXsJDLTW0VuD29,USCJY1231040,https://open.spotify.com/track/3WC5CVAahvn98hiseoIvbw
,,1,244560,FALSE,https://api.spotify.com/v1/tracks/1eyqSYBCTane4rl4vc6PWJ,1eyqSYBCTane4rl4vc6PWJ,FALSE,I Almost Do,59,NA,7,track,spotify:track:1eyqSYBCTane4rl4vc6PWJ,album,,,https://api.spotify.com/v1/albums/1KVKqWeRuXsJDLTW0VuD29,1KVKqWeRuXsJDLTW0VuD29,,Red (Deluxe Edition),2012-10-22,day,22,album,spotify:album:1KVKqWeRuXsJDLTW0VuD29,https://open.spotify.com/album/1KVKqWeRuXsJDLTW0VuD29,USCJY1231026,https://open.spotify.com/track/1eyqSYBCTane4rl4vc6PWJ
,,1,193146,FALSE,https://api.spotify.com/v1/tracks/6kISMRfweKSvgHR0urMQFG,6kISMRfweKSvgHR0urMQFG,FALSE,We Are Never Ever Getting Back Together,63,NA,8,track,spotify:track:6kISMRfweKSvgHR0urMQFG,album,,,https://api.spotify.com/v1/albums/1KVKqWeRuXsJDLTW0VuD29,1KVKqWeRuXsJDLTW0VuD29,,Red (Deluxe Edition),2012-10-22,day,22,album,spotify:album:1KVKqWeRuXsJDLTW0VuD29,https://open.spotify.com/album/1KVKqWeRuXsJDLTW0VuD29,USCJY1231018,https://open.spotify.com/track/6kISMRfweKSvgHR0urMQFG
,,1,205853,FALSE,https://api.spotify.com/v1/tracks/0F2S1QlnMaOfmNHIgmES3k,0F2S1QlnMaOfmNHIgmES3k,FALSE,Stay Stay Stay,58,NA,9,track,spotify:track:0F2S1QlnMaOfmNHIgmES3k,album,,,https://api.spotify.com/v1/albums/1KVKqWeRuXsJDLTW0VuD29,1KVKqWeRuXsJDLTW0VuD29,,Red (Deluxe Edition),2012-10-22,day,22,album,spotify:album:1KVKqWeRuXsJDLTW0VuD29,https://open.spotify.com/album/1KVKqWeRuXsJDLTW0VuD29,USCJY1231023,https://open.spotify.com/track/0F2S1QlnMaOfmNHIgmES3k
,,1,299013,FALSE,https://api.spotify.com/v1/tracks/2Tz4JnXZOcjcp8fWfMjBBk,2Tz4JnXZOcjcp8fWfMjBBk,FALSE,The Last Time,59,NA,10,track,spotify:track:2Tz4JnXZOcjcp8fWfMjBBk,album,,,https://api.spotify.com/v1/albums/1KVKqWeRuXsJDLTW0VuD29,1KVKqWeRuXsJDLTW0VuD29,,Red (Deluxe Edition),2012-10-22,day,22,album,spotify:album:1KVKqWeRuXsJDLTW0VuD29,https://open.spotify.com/album/1KVKqWeRuXsJDLTW0VuD29,USCJY1231041,https://open.spotify.com/track/2Tz4JnXZOcjcp8fWfMjBBk
,,1,202960,FALSE,https://api.spotify.com/v1/tracks/3KmYVOuK2eG7LGP7qQ8DLR,3KmYVOuK2eG7LGP7qQ8DLR,FALSE,Holy Ground,58,NA,11,track,spotify:track:3KmYVOuK2eG7LGP7qQ8DLR,album,,,https://api.spotify.com/v1/albums/1KVKqWeRuXsJDLTW0VuD29,1KVKqWeRuXsJDLTW0VuD29,,Red (Deluxe Edition),2012-10-22,day,22,album,spotify:album:1KVKqWeRuXsJDLTW0VuD29,https://open.spotify.com/album/1KVKqWeRuXsJDLTW0VuD29,USCJY1231042,https://open.spotify.com/track/3KmYVOuK2eG7LGP7qQ8DLR
,,1,284866,FALSE,https://api.spotify.com/v1/tracks/70e9zuv2pJc7ON1OUAJ1zl,70e9zuv2pJc7ON1OUAJ1zl,FALSE,Sad Beautiful Tragic,56,NA,12,track,spotify:track:70e9zuv2pJc7ON1OUAJ1zl,album,,,https://api.spotify.com/v1/albums/1KVKqWeRuXsJDLTW0VuD29,1KVKqWeRuXsJDLTW0VuD29,,Red (Deluxe Edition),2012-10-22,day,22,album,spotify:album:1KVKqWeRuXsJDLTW0VuD29,https://open.spotify.com/album/1KVKqWeRuXsJDLTW0VuD29,USCJY1231024,https://open.spotify.com/track/70e9zuv2pJc7ON1OUAJ1zl
,,1,240266,FALSE,https://api.spotify.com/v1/tracks/5VQLMrWhailAhErKNUSnv1,5VQLMrWhailAhErKNUSnv1,FALSE,The Lucky One,58,NA,13,track,spotify:track:5VQLMrWhailAhErKNUSnv1,album,,,https://api.spotify.com/v1/albums/1KVKqWeRuXsJDLTW0VuD29,1KVKqWeRuXsJDLTW0VuD29,,Red (Deluxe Edition),2012-10-22,day,22,album,spotify:album:1KVKqWeRuXsJDLTW0VuD29,https://open.spotify.com/album/1KVKqWeRuXsJDLTW0VuD29,USCJY1231043,https://open.spotify.com/track/5VQLMrWhailAhErKNUSnv1
,,1,245413,FALSE,https://api.spotify.com/v1/tracks/5PjfMmF06QtxTPZBZHdhoZ,5PjfMmF06QtxTPZBZHdhoZ,FALSE,Everything Has Changed,60,NA,14,track,spotify:track:5PjfMmF06QtxTPZBZHdhoZ,album,,,https://api.spotify.com/v1/albums/1KVKqWeRuXsJDLTW0VuD29,1KVKqWeRuXsJDLTW0VuD29,,Red (Deluxe Edition),2012-10-22,day,22,album,spotify:album:1KVKqWeRuXsJDLTW0VuD29,https://open.spotify.com/album/1KVKqWeRuXsJDLTW0VuD29,USCJY1231044,https://open.spotify.com/track/5PjfMmF06QtxTPZBZHdhoZ
,,1,220600,FALSE,https://api.spotify.com/v1/tracks/1gL4vMhDV3RgJQmDuY5HK1,1gL4vMhDV3RgJQmDuY5HK1,FALSE,Starlight,56,NA,15,track,spotify:track:1gL4vMhDV3RgJQmDuY5HK1,album,,,https://api.spotify.com/v1/albums/1KVKqWeRuXsJDLTW0VuD29,1KVKqWeRuXsJDLTW0VuD29,,Red (Deluxe Edition),2012-10-22,day,22,album,spotify:album:1KVKqWeRuXsJDLTW0VuD29,https://open.spotify.com/album/1KVKqWeRuXsJDLTW0VuD29,USCJY1231022,https://open.spotify.com/track/1gL4vMhDV3RgJQmDuY5HK1
,,1,239426,FALSE,https://api.spotify.com/v1/tracks/1yG491M3fRfowMdGN5pey4,1yG491M3fRfowMdGN5pey4,FALSE,Begin Again,57,NA,16,track,spotify:track:1yG491M3fRfowMdGN5pey4,album,,,https://api.spotify.com/v1/albums/1KVKqWeRuXsJDLTW0VuD29,1KVKqWeRuXsJDLTW0VuD29,,Red (Deluxe Edition),2012-10-22,day,22,album,spotify:album:1KVKqWeRuXsJDLTW0VuD29,https://open.spotify.com/album/1KVKqWeRuXsJDLTW0VuD29,USCJY1231045,https://open.spotify.com/track/1yG491M3fRfowMdGN5pey4
,,1,286613,FALSE,https://api.spotify.com/v1/tracks/4qTAwKJQ68gmnrnfPD3vlO,4qTAwKJQ68gmnrnfPD3vlO,FALSE,The Moment I Knew,55,NA,17,track,spotify:track:4qTAwKJQ68gmnrnfPD3vlO,album,,,https://api.spotify.com/v1/albums/1KVKqWeRuXsJDLTW0VuD29,1KVKqWeRuXsJDLTW0VuD29,,Red (Deluxe Edition),2012-10-22,day,22,album,spotify:album:1KVKqWeRuXsJDLTW0VuD29,https://open.spotify.com/album/1KVKqWeRuXsJDLTW0VuD29,USCJY1231025,https://open.spotify.com/track/4qTAwKJQ68gmnrnfPD3vlO
,,1,223920,FALSE,https://api.spotify.com/v1/tracks/1n8rB9AhxiAvVP1E2c3yOd,1n8rB9AhxiAvVP1E2c3yOd,FALSE,Come Back...Be Here,57,NA,18,track,spotify:track:1n8rB9AhxiAvVP1E2c3yOd,album,,,https://api.spotify.com/v1/albums/1KVKqWeRuXsJDLTW0VuD29,1KVKqWeRuXsJDLTW0VuD29,,Red (Deluxe Edition),2012-10-22,day,22,album,spotify:album:1KVKqWeRuXsJDLTW0VuD29,https://open.spotify.com/album/1KVKqWeRuXsJDLTW0VuD29,USCJY1231046,https://open.spotify.com/track/1n8rB9AhxiAvVP1E2c3yOd
,,1,220840,FALSE,https://api.spotify.com/v1/tracks/6VFpuI0DDmbC5UyWZQ4IRY,6VFpuI0DDmbC5UyWZQ4IRY,FALSE,Girl At Home,53,NA,19,track,spotify:track:6VFpuI0DDmbC5UyWZQ4IRY,album,,,https://api.spotify.com/v1/albums/1KVKqWeRuXsJDLTW0VuD29,1KVKqWeRuXsJDLTW0VuD29,,Red (Deluxe Edition),2012-10-22,day,22,album,spotify:album:1KVKqWeRuXsJDLTW0VuD29,https://open.spotify.com/album/1KVKqWeRuXsJDLTW0VuD29,USCJY1231027,https://open.spotify.com/track/6VFpuI0DDmbC5UyWZQ4IRY
,,1,240266,FALSE,https://api.spotify.com/v1/tracks/7skiELMb9SiQCcBpsExIJf,7skiELMb9SiQCcBpsExIJf,FALSE,Treacherous - Original Demo Recording,50,NA,20,track,spotify:track:7skiELMb9SiQCcBpsExIJf,album,,,https://api.spotify.com/v1/albums/1KVKqWeRuXsJDLTW0VuD29,1KVKqWeRuXsJDLTW0VuD29,,Red (Deluxe Edition),2012-10-22,day,22,album,spotify:album:1KVKqWeRuXsJDLTW0VuD29,https://open.spotify.com/album/1KVKqWeRuXsJDLTW0VuD29,USCJY1231047,https://open.spotify.com/track/7skiELMb9SiQCcBpsExIJf
,,1,227080,FALSE,https://api.spotify.com/v1/tracks/2OghnlGqZZsFzHjG0CSE9l,2OghnlGqZZsFzHjG0CSE9l,FALSE,Red - Original Demo Recording,50,NA,21,track,spotify:track:2OghnlGqZZsFzHjG0CSE9l,album,,,https://api.spotify.com/v1/albums/1KVKqWeRuXsJDLTW0VuD29,1KVKqWeRuXsJDLTW0VuD29,,Red (Deluxe Edition),2012-10-22,day,22,album,spotify:album:1KVKqWeRuXsJDLTW0VuD29,https://open.spotify.com/album/1KVKqWeRuXsJDLTW0VuD29,USCJY1231048,https://open.spotify.com/track/2OghnlGqZZsFzHjG0CSE9l
,,1,323080,FALSE,https://api.spotify.com/v1/tracks/5mfDBWY7ncZFm7ykmFTG4i,5mfDBWY7ncZFm7ykmFTG4i,FALSE,State Of Grace - Acoustic,53,NA,22,track,spotify:track:5mfDBWY7ncZFm7ykmFTG4i,album,,,https://api.spotify.com/v1/albums/1KVKqWeRuXsJDLTW0VuD29,1KVKqWeRuXsJDLTW0VuD29,,Red (Deluxe Edition),2012-10-22,day,22,album,spotify:album:1KVKqWeRuXsJDLTW0VuD29,https://open.spotify.com/album/1KVKqWeRuXsJDLTW0VuD29,USCJY1231049,https://open.spotify.com/track/5mfDBWY7ncZFm7ykmFTG4i
,,1,212600,FALSE,https://api.spotify.com/v1/tracks/10nqz67NQWWa7XPq7ycihi,10nqz67NQWWa7XPq7ycihi,FALSE,Welcome To New York,62,NA,1,track,spotify:track:10nqz67NQWWa7XPq7ycihi,album,,,https://api.spotify.com/v1/albums/5fy0X0JmZRZnVa2UEicIOl,5fy0X0JmZRZnVa2UEicIOl,,1989,2014-01-01,day,13,album,spotify:album:5fy0X0JmZRZnVa2UEicIOl,https://open.spotify.com/album/5fy0X0JmZRZnVa2UEicIOl,USCJY1431299,https://open.spotify.com/track/10nqz67NQWWa7XPq7ycihi
,,1,231826,FALSE,https://api.spotify.com/v1/tracks/2ls70nUDfjzm1lSRDuKxmw,2ls70nUDfjzm1lSRDuKxmw,FALSE,Blank Space,65,NA,2,track,spotify:track:2ls70nUDfjzm1lSRDuKxmw,album,,,https://api.spotify.com/v1/albums/5fy0X0JmZRZnVa2UEicIOl,5fy0X0JmZRZnVa2UEicIOl,,1989,2014-01-01,day,13,album,spotify:album:5fy0X0JmZRZnVa2UEicIOl,https://open.spotify.com/album/5fy0X0JmZRZnVa2UEicIOl,USCJY1431309,https://open.spotify.com/track/2ls70nUDfjzm1lSRDuKxmw
,,1,231000,FALSE,https://api.spotify.com/v1/tracks/71PmZqBXH0RUETqxpwlV0w,71PmZqBXH0RUETqxpwlV0w,FALSE,Style,58,NA,3,track,spotify:track:71PmZqBXH0RUETqxpwlV0w,album,,,https://api.spotify.com/v1/albums/5fy0X0JmZRZnVa2UEicIOl,5fy0X0JmZRZnVa2UEicIOl,,1989,2014-01-01,day,13,album,spotify:album:5fy0X0JmZRZnVa2UEicIOl,https://open.spotify.com/album/5fy0X0JmZRZnVa2UEicIOl,USCJY1431319,https://open.spotify.com/track/71PmZqBXH0RUETqxpwlV0w
,,1,235800,FALSE,https://api.spotify.com/v1/tracks/7EpVQjqtKygiwJIASxMWNg,7EpVQjqtKygiwJIASxMWNg,FALSE,Out Of The Woods,52,NA,4,track,spotify:track:7EpVQjqtKygiwJIASxMWNg,album,,,https://api.spotify.com/v1/albums/5fy0X0JmZRZnVa2UEicIOl,5fy0X0JmZRZnVa2UEicIOl,,1989,2014-01-01,day,13,album,spotify:album:5fy0X0JmZRZnVa2UEicIOl,https://open.spotify.com/album/5fy0X0JmZRZnVa2UEicIOl,USCJY1431329,https://open.spotify.com/track/7EpVQjqtKygiwJIASxMWNg
,,1,193293,FALSE,https://api.spotify.com/v1/tracks/4NNolUeL5m2ju7kf8pdg6H,4NNolUeL5m2ju7kf8pdg6H,FALSE,All You Had To Do Was Stay,60,NA,5,track,spotify:track:4NNolUeL5m2ju7kf8pdg6H,album,,,https://api.spotify.com/v1/albums/5fy0X0JmZRZnVa2UEicIOl,5fy0X0JmZRZnVa2UEicIOl,,1989,2014-01-01,day,13,album,spotify:album:5fy0X0JmZRZnVa2UEicIOl,https://open.spotify.com/album/5fy0X0JmZRZnVa2UEicIOl,USCJY1431339,https://open.spotify.com/track/4NNolUeL5m2ju7kf8pdg6H
,,1,219200,FALSE,https://api.spotify.com/v1/tracks/1kKlhuQE0HXp1IwBRpaH2P,1kKlhuQE0HXp1IwBRpaH2P,FALSE,Shake It Off,57,NA,6,track,spotify:track:1kKlhuQE0HXp1IwBRpaH2P,album,,,https://api.spotify.com/v1/albums/5fy0X0JmZRZnVa2UEicIOl,5fy0X0JmZRZnVa2UEicIOl,,1989,2014-01-01,day,13,album,spotify:album:5fy0X0JmZRZnVa2UEicIOl,https://open.spotify.com/album/5fy0X0JmZRZnVa2UEicIOl,USCJY1431349,https://open.spotify.com/track/1kKlhuQE0HXp1IwBRpaH2P
,,1,207440,FALSE,https://api.spotify.com/v1/tracks/5RVJ6VKfwtosA5Q1qeHdjF,5RVJ6VKfwtosA5Q1qeHdjF,FALSE,I Wish You Would,48,NA,7,track,spotify:track:5RVJ6VKfwtosA5Q1qeHdjF,album,,,https://api.spotify.com/v1/albums/5fy0X0JmZRZnVa2UEicIOl,5fy0X0JmZRZnVa2UEicIOl,,1989,2014-01-01,day,13,album,spotify:album:5fy0X0JmZRZnVa2UEicIOl,https://open.spotify.com/album/5fy0X0JmZRZnVa2UEicIOl,USCJY1431359,https://open.spotify.com/track/5RVJ6VKfwtosA5Q1qeHdjF
,,1,211933,FALSE,https://api.spotify.com/v1/tracks/0TvQLMecTE8utzoNmvXRbK,0TvQLMecTE8utzoNmvXRbK,FALSE,Bad Blood,68,NA,8,track,spotify:track:0TvQLMecTE8utzoNmvXRbK,album,,,https://api.spotify.com/v1/albums/5fy0X0JmZRZnVa2UEicIOl,5fy0X0JmZRZnVa2UEicIOl,,1989,2014-01-01,day,13,album,spotify:album:5fy0X0JmZRZnVa2UEicIOl,https://open.spotify.com/album/5fy0X0JmZRZnVa2UEicIOl,USCJY1431369,https://open.spotify.com/track/0TvQLMecTE8utzoNmvXRbK
,,1,220440,FALSE,https://api.spotify.com/v1/tracks/3fVnlF4pGqWI9flVENcT28,3fVnlF4pGqWI9flVENcT28,FALSE,Wildest Dreams,80,NA,9,track,spotify:track:3fVnlF4pGqWI9flVENcT28,album,,,https://api.spotify.com/v1/albums/5fy0X0JmZRZnVa2UEicIOl,5fy0X0JmZRZnVa2UEicIOl,,1989,2014-01-01,day,13,album,spotify:album:5fy0X0JmZRZnVa2UEicIOl,https://open.spotify.com/album/5fy0X0JmZRZnVa2UEicIOl,USCJY1431379,https://open.spotify.com/track/3fVnlF4pGqWI9flVENcT28
,,1,247533,FALSE,https://api.spotify.com/v1/tracks/5Z9ocF6ng0m2haHnKtHwTp,5Z9ocF6ng0m2haHnKtHwTp,FALSE,How You Get The Girl,49,NA,10,track,spotify:track:5Z9ocF6ng0m2haHnKtHwTp,album,,,https://api.spotify.com/v1/albums/5fy0X0JmZRZnVa2UEicIOl,5fy0X0JmZRZnVa2UEicIOl,,1989,2014-01-01,day,13,album,spotify:album:5fy0X0JmZRZnVa2UEicIOl,https://open.spotify.com/album/5fy0X0JmZRZnVa2UEicIOl,USCJY1431389,https://open.spotify.com/track/5Z9ocF6ng0m2haHnKtHwTp
,,1,250093,FALSE,https://api.spotify.com/v1/tracks/7lTxQZVXlvIX7Z3szSy8Sh,7lTxQZVXlvIX7Z3szSy8Sh,FALSE,This Love,47,NA,11,track,spotify:track:7lTxQZVXlvIX7Z3szSy8Sh,album,,,https://api.spotify.com/v1/albums/5fy0X0JmZRZnVa2UEicIOl,5fy0X0JmZRZnVa2UEicIOl,,1989,2014-01-01,day,13,album,spotify:album:5fy0X0JmZRZnVa2UEicIOl,https://open.spotify.com/album/5fy0X0JmZRZnVa2UEicIOl,USCJY1431399,https://open.spotify.com/track/7lTxQZVXlvIX7Z3szSy8Sh
,,1,195706,FALSE,https://api.spotify.com/v1/tracks/6Ck9WerfsyvC4v4AylUoDp,6Ck9WerfsyvC4v4AylUoDp,FALSE,I Know Places,56,NA,12,track,spotify:track:6Ck9WerfsyvC4v4AylUoDp,album,,,https://api.spotify.com/v1/albums/5fy0X0JmZRZnVa2UEicIOl,5fy0X0JmZRZnVa2UEicIOl,,1989,2014-01-01,day,13,album,spotify:album:5fy0X0JmZRZnVa2UEicIOl,https://open.spotify.com/album/5fy0X0JmZRZnVa2UEicIOl,USCJY1431409,https://open.spotify.com/track/6Ck9WerfsyvC4v4AylUoDp
,,1,271000,FALSE,https://api.spotify.com/v1/tracks/2k43eySbfpDVx0PrO99UI8,2k43eySbfpDVx0PrO99UI8,FALSE,Clean,49,NA,13,track,spotify:track:2k43eySbfpDVx0PrO99UI8,album,,,https://api.spotify.com/v1/albums/5fy0X0JmZRZnVa2UEicIOl,5fy0X0JmZRZnVa2UEicIOl,,1989,2014-01-01,day,13,album,spotify:album:5fy0X0JmZRZnVa2UEicIOl,https://open.spotify.com/album/5fy0X0JmZRZnVa2UEicIOl,USCJY1431419,https://open.spotify.com/track/2k43eySbfpDVx0PrO99UI8
,,1,208186,FALSE,https://api.spotify.com/v1/tracks/2yLa0QULdQr0qAIvVwN6B5,2yLa0QULdQr0qAIvVwN6B5,FALSE,...Ready For It?,73,NA,1,track,spotify:track:2yLa0QULdQr0qAIvVwN6B5,album,,,https://api.spotify.com/v1/albums/6DEjYFkNZh67HP7R9PSZvv,6DEjYFkNZh67HP7R9PSZvv,,reputation,2017-11-10,day,15,album,spotify:album:6DEjYFkNZh67HP7R9PSZvv,https://open.spotify.com/album/6DEjYFkNZh67HP7R9PSZvv,USCJY1750003,https://open.spotify.com/track/2yLa0QULdQr0qAIvVwN6B5
,,1,244826,FALSE,https://api.spotify.com/v1/tracks/2x0WlnmfG39ZuDmstl9xfX,2x0WlnmfG39ZuDmstl9xfX,FALSE,End Game,71,NA,2,track,spotify:track:2x0WlnmfG39ZuDmstl9xfX,album,,,https://api.spotify.com/v1/albums/6DEjYFkNZh67HP7R9PSZvv,6DEjYFkNZh67HP7R9PSZvv,,reputation,2017-11-10,day,15,album,spotify:album:6DEjYFkNZh67HP7R9PSZvv,https://open.spotify.com/album/6DEjYFkNZh67HP7R9PSZvv,USCJY1750004,https://open.spotify.com/track/2x0WlnmfG39ZuDmstl9xfX
,,1,238253,FALSE,https://api.spotify.com/v1/tracks/4svZDCRz4cJoneBpjpx8DJ,4svZDCRz4cJoneBpjpx8DJ,FALSE,I Did Something Bad,73,NA,3,track,spotify:track:4svZDCRz4cJoneBpjpx8DJ,album,,,https://api.spotify.com/v1/albums/6DEjYFkNZh67HP7R9PSZvv,6DEjYFkNZh67HP7R9PSZvv,,reputation,2017-11-10,day,15,album,spotify:album:6DEjYFkNZh67HP7R9PSZvv,https://open.spotify.com/album/6DEjYFkNZh67HP7R9PSZvv,USCJY1750005,https://open.spotify.com/track/4svZDCRz4cJoneBpjpx8DJ
,,1,236413,FALSE,https://api.spotify.com/v1/tracks/1R0a2iXumgCiFb7HEZ7gUE,1R0a2iXumgCiFb7HEZ7gUE,FALSE,Dont Blame Me,73,NA,4,track,spotify:track:1R0a2iXumgCiFb7HEZ7gUE,album,,,https://api.spotify.com/v1/albums/6DEjYFkNZh67HP7R9PSZvv,6DEjYFkNZh67HP7R9PSZvv,,reputation,2017-11-10,day,15,album,spotify:album:6DEjYFkNZh67HP7R9PSZvv,https://open.spotify.com/album/6DEjYFkNZh67HP7R9PSZvv,USCJY1750006,https://open.spotify.com/track/1R0a2iXumgCiFb7HEZ7gUE
,,1,232253,FALSE,https://api.spotify.com/v1/tracks/6NFyWDv5CjfwuzoCkw47Xf,6NFyWDv5CjfwuzoCkw47Xf,FALSE,Delicate,76,NA,5,track,spotify:track:6NFyWDv5CjfwuzoCkw47Xf,album,,,https://api.spotify.com/v1/albums/6DEjYFkNZh67HP7R9PSZvv,6DEjYFkNZh67HP7R9PSZvv,,reputation,2017-11-10,day,15,album,spotify:album:6DEjYFkNZh67HP7R9PSZvv,https://open.spotify.com/album/6DEjYFkNZh67HP7R9PSZvv,USCJY1750007,https://open.spotify.com/track/6NFyWDv5CjfwuzoCkw47Xf
,,1,211853,FALSE,https://api.spotify.com/v1/tracks/1P17dC1amhFzptugyAO7Il,1P17dC1amhFzptugyAO7Il,FALSE,Look What You Made Me Do,76,NA,6,track,spotify:track:1P17dC1amhFzptugyAO7Il,album,,,https://api.spotify.com/v1/albums/6DEjYFkNZh67HP7R9PSZvv,6DEjYFkNZh67HP7R9PSZvv,,reputation,2017-11-10,day,15,album,spotify:album:6DEjYFkNZh67HP7R9PSZvv,https://open.spotify.com/album/6DEjYFkNZh67HP7R9PSZvv,USCJY1750000,https://open.spotify.com/track/1P17dC1amhFzptugyAO7Il
,,1,227906,FALSE,https://api.spotify.com/v1/tracks/5PxFv9yJEg9dxvbZggykro,5PxFv9yJEg9dxvbZggykro,FALSE,So It Goes...,65,NA,7,track,spotify:track:5PxFv9yJEg9dxvbZggykro,album,,,https://api.spotify.com/v1/albums/6DEjYFkNZh67HP7R9PSZvv,6DEjYFkNZh67HP7R9PSZvv,,reputation,2017-11-10,day,15,album,spotify:album:6DEjYFkNZh67HP7R9PSZvv,https://open.spotify.com/album/6DEjYFkNZh67HP7R9PSZvv,USCJY1750008,https://open.spotify.com/track/5PxFv9yJEg9dxvbZggykro
,,1,209680,FALSE,https://api.spotify.com/v1/tracks/1ZY1PqizIl78geGM4xWlEA,1ZY1PqizIl78geGM4xWlEA,FALSE,Gorgeous,71,NA,8,track,spotify:track:1ZY1PqizIl78geGM4xWlEA,album,,,https://api.spotify.com/v1/albums/6DEjYFkNZh67HP7R9PSZvv,6DEjYFkNZh67HP7R9PSZvv,,reputation,2017-11-10,day,15,album,spotify:album:6DEjYFkNZh67HP7R9PSZvv,https://open.spotify.com/album/6DEjYFkNZh67HP7R9PSZvv,USCJY1750009,https://open.spotify.com/track/1ZY1PqizIl78geGM4xWlEA
,,1,233626,FALSE,https://api.spotify.com/v1/tracks/0VE4kBnHJUgtMf0dy6DRmW,0VE4kBnHJUgtMf0dy6DRmW,FALSE,Getaway Car,75,NA,9,track,spotify:track:0VE4kBnHJUgtMf0dy6DRmW,album,,,https://api.spotify.com/v1/albums/6DEjYFkNZh67HP7R9PSZvv,6DEjYFkNZh67HP7R9PSZvv,,reputation,2017-11-10,day,15,album,spotify:album:6DEjYFkNZh67HP7R9PSZvv,https://open.spotify.com/album/6DEjYFkNZh67HP7R9PSZvv,USCJY1750010,https://open.spotify.com/track/0VE4kBnHJUgtMf0dy6DRmW
,,1,214320,FALSE,https://api.spotify.com/v1/tracks/7HuBDWi18s4aJM8UFnNheH,7HuBDWi18s4aJM8UFnNheH,FALSE,King Of My Heart,68,NA,10,track,spotify:track:7HuBDWi18s4aJM8UFnNheH,album,,,https://api.spotify.com/v1/albums/6DEjYFkNZh67HP7R9PSZvv,6DEjYFkNZh67HP7R9PSZvv,,reputation,2017-11-10,day,15,album,spotify:album:6DEjYFkNZh67HP7R9PSZvv,https://open.spotify.com/album/6DEjYFkNZh67HP7R9PSZvv,USCJY1750011,https://open.spotify.com/track/7HuBDWi18s4aJM8UFnNheH
,,1,211506,FALSE,https://api.spotify.com/v1/tracks/7I7JbDv63ZJJsSi24DyJrz,7I7JbDv63ZJJsSi24DyJrz,FALSE,Dancing With Our Hands Tied,67,NA,11,track,spotify:track:7I7JbDv63ZJJsSi24DyJrz,album,,,https://api.spotify.com/v1/albums/6DEjYFkNZh67HP7R9PSZvv,6DEjYFkNZh67HP7R9PSZvv,,reputation,2017-11-10,day,15,album,spotify:album:6DEjYFkNZh67HP7R9PSZvv,https://open.spotify.com/album/6DEjYFkNZh67HP7R9PSZvv,USCJY1750012,https://open.spotify.com/track/7I7JbDv63ZJJsSi24DyJrz
,,1,230373,FALSE,https://api.spotify.com/v1/tracks/6oVxXO5oQ4pTpO8RSnkzvv,6oVxXO5oQ4pTpO8RSnkzvv,FALSE,Dress,69,NA,12,track,spotify:track:6oVxXO5oQ4pTpO8RSnkzvv,album,,,https://api.spotify.com/v1/albums/6DEjYFkNZh67HP7R9PSZvv,6DEjYFkNZh67HP7R9PSZvv,,reputation,2017-11-10,day,15,album,spotify:album:6DEjYFkNZh67HP7R9PSZvv,https://open.spotify.com/album/6DEjYFkNZh67HP7R9PSZvv,USCJY1750013,https://open.spotify.com/track/6oVxXO5oQ4pTpO8RSnkzvv
,,1,207133,FALSE,https://api.spotify.com/v1/tracks/07NxDD1iKCHbAldceD7QLP,07NxDD1iKCHbAldceD7QLP,FALSE,This Is Why We Can't Have Nice Things,67,NA,13,track,spotify:track:07NxDD1iKCHbAldceD7QLP,album,,,https://api.spotify.com/v1/albums/6DEjYFkNZh67HP7R9PSZvv,6DEjYFkNZh67HP7R9PSZvv,,reputation,2017-11-10,day,15,album,spotify:album:6DEjYFkNZh67HP7R9PSZvv,https://open.spotify.com/album/6DEjYFkNZh67HP7R9PSZvv,USCJY1750014,https://open.spotify.com/track/07NxDD1iKCHbAldceD7QLP
,,1,203506,FALSE,https://api.spotify.com/v1/tracks/1GwMQaZz6Au3QLDbjbMdme,1GwMQaZz6Au3QLDbjbMdme,FALSE,Call It What You Want,70,NA,14,track,spotify:track:1GwMQaZz6Au3QLDbjbMdme,album,,,https://api.spotify.com/v1/albums/6DEjYFkNZh67HP7R9PSZvv,6DEjYFkNZh67HP7R9PSZvv,,reputation,2017-11-10,day,15,album,spotify:album:6DEjYFkNZh67HP7R9PSZvv,https://open.spotify.com/album/6DEjYFkNZh67HP7R9PSZvv,USCJY1750015,https://open.spotify.com/track/1GwMQaZz6Au3QLDbjbMdme
,,1,235466,FALSE,https://api.spotify.com/v1/tracks/7F5oktn5YOsR9eR5YsFtqb,7F5oktn5YOsR9eR5YsFtqb,FALSE,New Years Day,66,NA,15,track,spotify:track:7F5oktn5YOsR9eR5YsFtqb,album,,,https://api.spotify.com/v1/albums/6DEjYFkNZh67HP7R9PSZvv,6DEjYFkNZh67HP7R9PSZvv,,reputation,2017-11-10,day,15,album,spotify:album:6DEjYFkNZh67HP7R9PSZvv,https://open.spotify.com/album/6DEjYFkNZh67HP7R9PSZvv,USCJY1750016,https://open.spotify.com/track/7F5oktn5YOsR9eR5YsFtqb
,,1,170640,FALSE,https://api.spotify.com/v1/tracks/43rA71bccXFGD4C8GOpIlN,43rA71bccXFGD4C8GOpIlN,FALSE,I Forgot That You Existed,71,NA,1,track,spotify:track:43rA71bccXFGD4C8GOpIlN,album,,,https://api.spotify.com/v1/albums/1NAmidJlEaVgA3MpcPFYGq,1NAmidJlEaVgA3MpcPFYGq,,Lover,2019-08-23,day,18,album,spotify:album:1NAmidJlEaVgA3MpcPFYGq,https://open.spotify.com/album/1NAmidJlEaVgA3MpcPFYGq,USUG11901471,https://open.spotify.com/track/43rA71bccXFGD4C8GOpIlN
,,1,178426,FALSE,https://api.spotify.com/v1/tracks/1BxfuPKGuaTgP7aM0Bbdwr,1BxfuPKGuaTgP7aM0Bbdwr,FALSE,Cruel Summer,76,NA,2,track,spotify:track:1BxfuPKGuaTgP7aM0Bbdwr,album,,,https://api.spotify.com/v1/albums/1NAmidJlEaVgA3MpcPFYGq,1NAmidJlEaVgA3MpcPFYGq,,Lover,2019-08-23,day,18,album,spotify:album:1NAmidJlEaVgA3MpcPFYGq,https://open.spotify.com/album/1NAmidJlEaVgA3MpcPFYGq,USUG11901472,https://open.spotify.com/track/1BxfuPKGuaTgP7aM0Bbdwr
,,1,221306,FALSE,https://api.spotify.com/v1/tracks/1dGr1c8CrMLDpV6mPbImSI,1dGr1c8CrMLDpV6mPbImSI,FALSE,Lover,78,NA,3,track,spotify:track:1dGr1c8CrMLDpV6mPbImSI,album,,,https://api.spotify.com/v1/albums/1NAmidJlEaVgA3MpcPFYGq,1NAmidJlEaVgA3MpcPFYGq,,Lover,2019-08-23,day,18,album,spotify:album:1NAmidJlEaVgA3MpcPFYGq,https://open.spotify.com/album/1NAmidJlEaVgA3MpcPFYGq,USUG11901473,https://open.spotify.com/track/1dGr1c8CrMLDpV6mPbImSI
,,1,190360,FALSE,https://api.spotify.com/v1/tracks/3RauEVgRgj1IuWdJ9fDs70,3RauEVgRgj1IuWdJ9fDs70,FALSE,The Man,75,NA,4,track,spotify:track:3RauEVgRgj1IuWdJ9fDs70,album,,,https://api.spotify.com/v1/albums/1NAmidJlEaVgA3MpcPFYGq,1NAmidJlEaVgA3MpcPFYGq,,Lover,2019-08-23,day,18,album,spotify:album:1NAmidJlEaVgA3MpcPFYGq,https://open.spotify.com/album/1NAmidJlEaVgA3MpcPFYGq,USUG11901474,https://open.spotify.com/track/3RauEVgRgj1IuWdJ9fDs70
,,1,211240,FALSE,https://api.spotify.com/v1/tracks/3pHkh7d0lzM2AldUtz2x37,3pHkh7d0lzM2AldUtz2x37,FALSE,The Archer,68,NA,5,track,spotify:track:3pHkh7d0lzM2AldUtz2x37,album,,,https://api.spotify.com/v1/albums/1NAmidJlEaVgA3MpcPFYGq,1NAmidJlEaVgA3MpcPFYGq,,Lover,2019-08-23,day,18,album,spotify:album:1NAmidJlEaVgA3MpcPFYGq,https://open.spotify.com/album/1NAmidJlEaVgA3MpcPFYGq,USUG11901475,https://open.spotify.com/track/3pHkh7d0lzM2AldUtz2x37
,,1,173386,FALSE,https://api.spotify.com/v1/tracks/2YWtcWi3a83pdEg3Gif4Pd,2YWtcWi3a83pdEg3Gif4Pd,FALSE,I Think He Knows,69,NA,6,track,spotify:track:2YWtcWi3a83pdEg3Gif4Pd,album,,,https://api.spotify.com/v1/albums/1NAmidJlEaVgA3MpcPFYGq,1NAmidJlEaVgA3MpcPFYGq,,Lover,2019-08-23,day,18,album,spotify:album:1NAmidJlEaVgA3MpcPFYGq,https://open.spotify.com/album/1NAmidJlEaVgA3MpcPFYGq,USUG11901476,https://open.spotify.com/track/2YWtcWi3a83pdEg3Gif4Pd
,,1,234146,FALSE,https://api.spotify.com/v1/tracks/214nt20w5wOxJnY462klLw,214nt20w5wOxJnY462klLw,FALSE,Miss Americana & The Heartbreak Prince,68,NA,7,track,spotify:track:214nt20w5wOxJnY462klLw,album,,,https://api.spotify.com/v1/albums/1NAmidJlEaVgA3MpcPFYGq,1NAmidJlEaVgA3MpcPFYGq,,Lover,2019-08-23,day,18,album,spotify:album:1NAmidJlEaVgA3MpcPFYGq,https://open.spotify.com/album/1NAmidJlEaVgA3MpcPFYGq,USUG11901477,https://open.spotify.com/track/214nt20w5wOxJnY462klLw
,,1,222400,FALSE,https://api.spotify.com/v1/tracks/4y5bvROuBDPr5fuwXbIBZR,4y5bvROuBDPr5fuwXbIBZR,FALSE,Paper Rings,75,NA,8,track,spotify:track:4y5bvROuBDPr5fuwXbIBZR,album,,,https://api.spotify.com/v1/albums/1NAmidJlEaVgA3MpcPFYGq,1NAmidJlEaVgA3MpcPFYGq,,Lover,2019-08-23,day,18,album,spotify:album:1NAmidJlEaVgA3MpcPFYGq,https://open.spotify.com/album/1NAmidJlEaVgA3MpcPFYGq,USUG11901478,https://open.spotify.com/track/4y5bvROuBDPr5fuwXbIBZR
,,1,287266,FALSE,https://api.spotify.com/v1/tracks/12M5uqx0ZuwkpLp5rJim1a,12M5uqx0ZuwkpLp5rJim1a,FALSE,Cornelia Street,70,NA,9,track,spotify:track:12M5uqx0ZuwkpLp5rJim1a,album,,,https://api.spotify.com/v1/albums/1NAmidJlEaVgA3MpcPFYGq,1NAmidJlEaVgA3MpcPFYGq,,Lover,2019-08-23,day,18,album,spotify:album:1NAmidJlEaVgA3MpcPFYGq,https://open.spotify.com/album/1NAmidJlEaVgA3MpcPFYGq,USUG11901479,https://open.spotify.com/track/12M5uqx0ZuwkpLp5rJim1a
,,1,198533,FALSE,https://api.spotify.com/v1/tracks/2dgFqt3w9xIQRjhPtwNk3D,2dgFqt3w9xIQRjhPtwNk3D,FALSE,Death By A Thousand Cuts,70,NA,10,track,spotify:track:2dgFqt3w9xIQRjhPtwNk3D,album,,,https://api.spotify.com/v1/albums/1NAmidJlEaVgA3MpcPFYGq,1NAmidJlEaVgA3MpcPFYGq,,Lover,2019-08-23,day,18,album,spotify:album:1NAmidJlEaVgA3MpcPFYGq,https://open.spotify.com/album/1NAmidJlEaVgA3MpcPFYGq,USUG11901480,https://open.spotify.com/track/2dgFqt3w9xIQRjhPtwNk3D
,,1,190240,FALSE,https://api.spotify.com/v1/tracks/1LLXZFeAHK9R4xUramtUKw,1LLXZFeAHK9R4xUramtUKw,FALSE,London Boy,70,NA,11,track,spotify:track:1LLXZFeAHK9R4xUramtUKw,album,,,https://api.spotify.com/v1/albums/1NAmidJlEaVgA3MpcPFYGq,1NAmidJlEaVgA3MpcPFYGq,,Lover,2019-08-23,day,18,album,spotify:album:1NAmidJlEaVgA3MpcPFYGq,https://open.spotify.com/album/1NAmidJlEaVgA3MpcPFYGq,USUG11901481,https://open.spotify.com/track/1LLXZFeAHK9R4xUramtUKw
,,1,201586,FALSE,https://api.spotify.com/v1/tracks/4AYtqFyFbX0Xkc2wtcygTr,4AYtqFyFbX0Xkc2wtcygTr,FALSE,Soon Youll Get Better (feat. The Chicks),64,NA,12,track,spotify:track:4AYtqFyFbX0Xkc2wtcygTr,album,,,https://api.spotify.com/v1/albums/1NAmidJlEaVgA3MpcPFYGq,1NAmidJlEaVgA3MpcPFYGq,,Lover,2019-08-23,day,18,album,spotify:album:1NAmidJlEaVgA3MpcPFYGq,https://open.spotify.com/album/1NAmidJlEaVgA3MpcPFYGq,USUG11901482,https://open.spotify.com/track/4AYtqFyFbX0Xkc2wtcygTr
,,1,200306,FALSE,https://api.spotify.com/v1/tracks/5hQSXkFgbxjZo9uCwd11so,5hQSXkFgbxjZo9uCwd11so,FALSE,False God,66,NA,13,track,spotify:track:5hQSXkFgbxjZo9uCwd11so,album,,,https://api.spotify.com/v1/albums/1NAmidJlEaVgA3MpcPFYGq,1NAmidJlEaVgA3MpcPFYGq,,Lover,2019-08-23,day,18,album,spotify:album:1NAmidJlEaVgA3MpcPFYGq,https://open.spotify.com/album/1NAmidJlEaVgA3MpcPFYGq,USUG11901483,https://open.spotify.com/track/5hQSXkFgbxjZo9uCwd11so
,,1,171360,FALSE,https://api.spotify.com/v1/tracks/6RRNNciQGZEXnqk8SQ9yv5,6RRNNciQGZEXnqk8SQ9yv5,FALSE,You Need To Calm Down,78,NA,14,track,spotify:track:6RRNNciQGZEXnqk8SQ9yv5,album,,,https://api.spotify.com/v1/albums/1NAmidJlEaVgA3MpcPFYGq,1NAmidJlEaVgA3MpcPFYGq,,Lover,2019-08-23,day,18,album,spotify:album:1NAmidJlEaVgA3MpcPFYGq,https://open.spotify.com/album/1NAmidJlEaVgA3MpcPFYGq,USUG11901470,https://open.spotify.com/track/6RRNNciQGZEXnqk8SQ9yv5
,,1,223293,FALSE,https://api.spotify.com/v1/tracks/1SymEzIT3H8UZfibCs3TYi,1SymEzIT3H8UZfibCs3TYi,FALSE,Afterglow,69,NA,15,track,spotify:track:1SymEzIT3H8UZfibCs3TYi,album,,,https://api.spotify.com/v1/albums/1NAmidJlEaVgA3MpcPFYGq,1NAmidJlEaVgA3MpcPFYGq,,Lover,2019-08-23,day,18,album,spotify:album:1NAmidJlEaVgA3MpcPFYGq,https://open.spotify.com/album/1NAmidJlEaVgA3MpcPFYGq,USUG11901484,https://open.spotify.com/track/1SymEzIT3H8UZfibCs3TYi
,,1,193000,FALSE,https://api.spotify.com/v1/tracks/2Rk4JlNc2TPmZe2af99d45,2Rk4JlNc2TPmZe2af99d45,FALSE,ME! (feat. Brendon Urie of Panic! At The Disco),76,NA,16,track,spotify:track:2Rk4JlNc2TPmZe2af99d45,album,,,https://api.spotify.com/v1/albums/1NAmidJlEaVgA3MpcPFYGq,1NAmidJlEaVgA3MpcPFYGq,,Lover,2019-08-23,day,18,album,spotify:album:1NAmidJlEaVgA3MpcPFYGq,https://open.spotify.com/album/1NAmidJlEaVgA3MpcPFYGq,USUG11901494,https://open.spotify.com/track/2Rk4JlNc2TPmZe2af99d45
,,1,150440,FALSE,https://api.spotify.com/v1/tracks/1SmiQ65iSAbPto6gPFlBYm,1SmiQ65iSAbPto6gPFlBYm,FALSE,Its Nice To Have A Friend,64,NA,17,track,spotify:track:1SmiQ65iSAbPto6gPFlBYm,album,,,https://api.spotify.com/v1/albums/1NAmidJlEaVgA3MpcPFYGq,1NAmidJlEaVgA3MpcPFYGq,,Lover,2019-08-23,day,18,album,spotify:album:1NAmidJlEaVgA3MpcPFYGq,https://open.spotify.com/album/1NAmidJlEaVgA3MpcPFYGq,USUG11901485,https://open.spotify.com/track/1SmiQ65iSAbPto6gPFlBYm
,,1,293453,FALSE,https://api.spotify.com/v1/tracks/1fzAuUVbzlhZ1lJAx9PtY6,1fzAuUVbzlhZ1lJAx9PtY6,FALSE,Daylight,67,NA,18,track,spotify:track:1fzAuUVbzlhZ1lJAx9PtY6,album,,,https://api.spotify.com/v1/albums/1NAmidJlEaVgA3MpcPFYGq,1NAmidJlEaVgA3MpcPFYGq,,Lover,2019-08-23,day,18,album,spotify:album:1NAmidJlEaVgA3MpcPFYGq,https://open.spotify.com/album/1NAmidJlEaVgA3MpcPFYGq,USUG11901486,https://open.spotify.com/track/1fzAuUVbzlhZ1lJAx9PtY6
,,1,214706,FALSE,https://api.spotify.com/v1/tracks/0lx2cLdOt3piJbcaXIV74f,0lx2cLdOt3piJbcaXIV74f,FALSE,willow,79,NA,1,track,spotify:track:0lx2cLdOt3piJbcaXIV74f,album,,,https://api.spotify.com/v1/albums/2Xoteh7uEpea4TohMxjtaq,2Xoteh7uEpea4TohMxjtaq,,evermore,2020-12-11,day,15,album,spotify:album:2Xoteh7uEpea4TohMxjtaq,https://open.spotify.com/album/2Xoteh7uEpea4TohMxjtaq,USUG12004699,https://open.spotify.com/track/0lx2cLdOt3piJbcaXIV74f
,,1,244000,TRUE,https://api.spotify.com/v1/tracks/0sY6ZUTh4yoctD8VIXz339,0sY6ZUTh4yoctD8VIXz339,FALSE,champagne problems,76,NA,2,track,spotify:track:0sY6ZUTh4yoctD8VIXz339,album,,,https://api.spotify.com/v1/albums/2Xoteh7uEpea4TohMxjtaq,2Xoteh7uEpea4TohMxjtaq,,evermore,2020-12-11,day,15,album,spotify:album:2Xoteh7uEpea4TohMxjtaq,https://open.spotify.com/album/2Xoteh7uEpea4TohMxjtaq,USUG12004700,https://open.spotify.com/track/0sY6ZUTh4yoctD8VIXz339
,,1,185320,TRUE,https://api.spotify.com/v1/tracks/5BK0uqwY9DNfZ630STAEaq,5BK0uqwY9DNfZ630STAEaq,FALSE,gold rush,71,NA,3,track,spotify:track:5BK0uqwY9DNfZ630STAEaq,album,,,https://api.spotify.com/v1/albums/2Xoteh7uEpea4TohMxjtaq,2Xoteh7uEpea4TohMxjtaq,,evermore,2020-12-11,day,15,album,spotify:album:2Xoteh7uEpea4TohMxjtaq,https://open.spotify.com/album/2Xoteh7uEpea4TohMxjtaq,USUG12004702,https://open.spotify.com/track/5BK0uqwY9DNfZ630STAEaq
,,1,229840,FALSE,https://api.spotify.com/v1/tracks/7dW84mWkdWE5a6lFWxJCBG,7dW84mWkdWE5a6lFWxJCBG,FALSE,tis the damn season,67,NA,4,track,spotify:track:7dW84mWkdWE5a6lFWxJCBG,album,,,https://api.spotify.com/v1/albums/2Xoteh7uEpea4TohMxjtaq,2Xoteh7uEpea4TohMxjtaq,,evermore,2020-12-11,day,15,album,spotify:album:2Xoteh7uEpea4TohMxjtaq,https://open.spotify.com/album/2Xoteh7uEpea4TohMxjtaq,USUG12004704,https://open.spotify.com/track/7dW84mWkdWE5a6lFWxJCBG
,,1,245440,TRUE,https://api.spotify.com/v1/tracks/0PurA4JVJ8YQgSVopY8fn6,0PurA4JVJ8YQgSVopY8fn6,FALSE,tolerate it,67,NA,5,track,spotify:track:0PurA4JVJ8YQgSVopY8fn6,album,,,https://api.spotify.com/v1/albums/2Xoteh7uEpea4TohMxjtaq,2Xoteh7uEpea4TohMxjtaq,,evermore,2020-12-11,day,15,album,spotify:album:2Xoteh7uEpea4TohMxjtaq,https://open.spotify.com/album/2Xoteh7uEpea4TohMxjtaq,USUG12004705,https://open.spotify.com/track/0PurA4JVJ8YQgSVopY8fn6
,,1,215626,FALSE,https://api.spotify.com/v1/tracks/3RaT22zZsxVYxxKR7TAaYF,3RaT22zZsxVYxxKR7TAaYF,FALSE,"no body, no crime (feat. HAIM)",68,NA,6,track,spotify:track:3RaT22zZsxVYxxKR7TAaYF,album,,,https://api.spotify.com/v1/albums/2Xoteh7uEpea4TohMxjtaq,2Xoteh7uEpea4TohMxjtaq,,evermore,2020-12-11,day,15,album,spotify:album:2Xoteh7uEpea4TohMxjtaq,https://open.spotify.com/album/2Xoteh7uEpea4TohMxjtaq,USUG12004707,https://open.spotify.com/track/3RaT22zZsxVYxxKR7TAaYF
,,1,315146,TRUE,https://api.spotify.com/v1/tracks/73YUReisjb3A9ActdLLjJQ,73YUReisjb3A9ActdLLjJQ,FALSE,happiness,66,NA,7,track,spotify:track:73YUReisjb3A9ActdLLjJQ,album,,,https://api.spotify.com/v1/albums/2Xoteh7uEpea4TohMxjtaq,2Xoteh7uEpea4TohMxjtaq,,evermore,2020-12-11,day,15,album,spotify:album:2Xoteh7uEpea4TohMxjtaq,https://open.spotify.com/album/2Xoteh7uEpea4TohMxjtaq,USUG12004708,https://open.spotify.com/track/73YUReisjb3A9ActdLLjJQ
,,1,225880,FALSE,https://api.spotify.com/v1/tracks/670fUmXf4KQekzbEgaXyPA,670fUmXf4KQekzbEgaXyPA,FALSE,dorothea,64,NA,8,track,spotify:track:670fUmXf4KQekzbEgaXyPA,album,,,https://api.spotify.com/v1/albums/2Xoteh7uEpea4TohMxjtaq,2Xoteh7uEpea4TohMxjtaq,,evermore,2020-12-11,day,15,album,spotify:album:2Xoteh7uEpea4TohMxjtaq,https://open.spotify.com/album/2Xoteh7uEpea4TohMxjtaq,USUG12004710,https://open.spotify.com/track/670fUmXf4KQekzbEgaXyPA
,,1,275320,FALSE,https://api.spotify.com/v1/tracks/3k7ne7VmH43ZPWxPdvPUgR,3k7ne7VmH43ZPWxPdvPUgR,FALSE,coney island (feat. The National),64,NA,9,track,spotify:track:3k7ne7VmH43ZPWxPdvPUgR,album,,,https://api.spotify.com/v1/albums/2Xoteh7uEpea4TohMxjtaq,2Xoteh7uEpea4TohMxjtaq,,evermore,2020-12-11,day,15,album,spotify:album:2Xoteh7uEpea4TohMxjtaq,https://open.spotify.com/album/2Xoteh7uEpea4TohMxjtaq,USUG12004711,https://open.spotify.com/track/3k7ne7VmH43ZPWxPdvPUgR
,,1,260440,TRUE,https://api.spotify.com/v1/tracks/19CSr8rwW05VJL2F91KFNK,19CSr8rwW05VJL2F91KFNK,FALSE,ivy,67,NA,10,track,spotify:track:19CSr8rwW05VJL2F91KFNK,album,,,https://api.spotify.com/v1/albums/2Xoteh7uEpea4TohMxjtaq,2Xoteh7uEpea4TohMxjtaq,,evermore,2020-12-11,day,15,album,spotify:album:2Xoteh7uEpea4TohMxjtaq,https://open.spotify.com/album/2Xoteh7uEpea4TohMxjtaq,USUG12004712,https://open.spotify.com/track/19CSr8rwW05VJL2F91KFNK
,,1,275040,TRUE,https://api.spotify.com/v1/tracks/1XjHRolIXL2M1EEOUsGGR4,1XjHRolIXL2M1EEOUsGGR4,FALSE,cowboy like me,65,NA,11,track,spotify:track:1XjHRolIXL2M1EEOUsGGR4,album,,,https://api.spotify.com/v1/albums/2Xoteh7uEpea4TohMxjtaq,2Xoteh7uEpea4TohMxjtaq,,evermore,2020-12-11,day,15,album,spotify:album:2Xoteh7uEpea4TohMxjtaq,https://open.spotify.com/album/2Xoteh7uEpea4TohMxjtaq,USUG12004714,https://open.spotify.com/track/1XjHRolIXL2M1EEOUsGGR4
,,1,215920,FALSE,https://api.spotify.com/v1/tracks/2o2sgVJIgFXk8GQjWTgI6U,2o2sgVJIgFXk8GQjWTgI6U,FALSE,long story short,66,NA,12,track,spotify:track:2o2sgVJIgFXk8GQjWTgI6U,album,,,https://api.spotify.com/v1/albums/2Xoteh7uEpea4TohMxjtaq,2Xoteh7uEpea4TohMxjtaq,,evermore,2020-12-11,day,15,album,spotify:album:2Xoteh7uEpea4TohMxjtaq,https://open.spotify.com/album/2Xoteh7uEpea4TohMxjtaq,USUG12004716,https://open.spotify.com/track/2o2sgVJIgFXk8GQjWTgI6U
,,1,257773,FALSE,https://api.spotify.com/v1/tracks/12ntTeqEeTg7GAVpe8Mhpl,12ntTeqEeTg7GAVpe8Mhpl,FALSE,marjorie,64,NA,13,track,spotify:track:12ntTeqEeTg7GAVpe8Mhpl,album,,,https://api.spotify.com/v1/albums/2Xoteh7uEpea4TohMxjtaq,2Xoteh7uEpea4TohMxjtaq,,evermore,2020-12-11,day,15,album,spotify:album:2Xoteh7uEpea4TohMxjtaq,https://open.spotify.com/album/2Xoteh7uEpea4TohMxjtaq,USUG12004717,https://open.spotify.com/track/12ntTeqEeTg7GAVpe8Mhpl
,,1,180653,FALSE,https://api.spotify.com/v1/tracks/35rdVq36LMHQX0Suw9a6tK,35rdVq36LMHQX0Suw9a6tK,FALSE,closure,62,NA,14,track,spotify:track:35rdVq36LMHQX0Suw9a6tK,album,,,https://api.spotify.com/v1/albums/2Xoteh7uEpea4TohMxjtaq,2Xoteh7uEpea4TohMxjtaq,,evermore,2020-12-11,day,15,album,spotify:album:2Xoteh7uEpea4TohMxjtaq,https://open.spotify.com/album/2Xoteh7uEpea4TohMxjtaq,USUG12004718,https://open.spotify.com/track/35rdVq36LMHQX0Suw9a6tK
,,1,304106,FALSE,https://api.spotify.com/v1/tracks/3O5osWf1rSoKMwe6E9ZaXP,3O5osWf1rSoKMwe6E9ZaXP,FALSE,evermore (feat. Bon Iver),66,NA,15,track,spotify:track:3O5osWf1rSoKMwe6E9ZaXP,album,,,https://api.spotify.com/v1/albums/2Xoteh7uEpea4TohMxjtaq,2Xoteh7uEpea4TohMxjtaq,,evermore,2020-12-11,day,15,album,spotify:album:2Xoteh7uEpea4TohMxjtaq,https://open.spotify.com/album/2Xoteh7uEpea4TohMxjtaq,USUG12004719,https://open.spotify.com/track/3O5osWf1rSoKMwe6E9ZaXP
,,1,241591,FALSE,https://api.spotify.com/v1/tracks/77sMIMlNaSURUAXq5coCxE,77sMIMlNaSURUAXq5coCxE,FALSE,Fearless (Taylors Version),69,NA,1,track,spotify:track:77sMIMlNaSURUAXq5coCxE,album,,,https://api.spotify.com/v1/albums/4hDok0OAJd57SGIT8xuWJH,4hDok0OAJd57SGIT8xuWJH,,Fearless (Taylor's Version),2021-04-09,day,26,album,spotify:album:4hDok0OAJd57SGIT8xuWJH,https://open.spotify.com/album/4hDok0OAJd57SGIT8xuWJH,USUG12100618,https://open.spotify.com/track/77sMIMlNaSURUAXq5coCxE
,,1,294419,FALSE,https://api.spotify.com/v1/tracks/2nqio0SfWg6gh2eCtfuMa5,2nqio0SfWg6gh2eCtfuMa5,FALSE,Fifteen (Taylors Version),65,NA,2,track,spotify:track:2nqio0SfWg6gh2eCtfuMa5,album,,,https://api.spotify.com/v1/albums/4hDok0OAJd57SGIT8xuWJH,4hDok0OAJd57SGIT8xuWJH,,Fearless (Taylor's Version),2021-04-09,day,26,album,spotify:album:4hDok0OAJd57SGIT8xuWJH,https://open.spotify.com/album/4hDok0OAJd57SGIT8xuWJH,USUG12100619,https://open.spotify.com/track/2nqio0SfWg6gh2eCtfuMa5
,,1,235766,FALSE,https://api.spotify.com/v1/tracks/6YvqWjhGD8mB5QXcbcUKtx,6YvqWjhGD8mB5QXcbcUKtx,FALSE,Love Story (Taylors Version),73,NA,3,track,spotify:track:6YvqWjhGD8mB5QXcbcUKtx,album,,,https://api.spotify.com/v1/albums/4hDok0OAJd57SGIT8xuWJH,4hDok0OAJd57SGIT8xuWJH,,Fearless (Taylor's Version),2021-04-09,day,26,album,spotify:album:4hDok0OAJd57SGIT8xuWJH,https://open.spotify.com/album/4hDok0OAJd57SGIT8xuWJH,USUG12100342,https://open.spotify.com/track/6YvqWjhGD8mB5QXcbcUKtx
,,1,254254,FALSE,https://api.spotify.com/v1/tracks/550erGcdD9n6PnwxrvYqZT,550erGcdD9n6PnwxrvYqZT,FALSE,Hey Stephen (Taylors Version),65,NA,4,track,spotify:track:550erGcdD9n6PnwxrvYqZT,album,,,https://api.spotify.com/v1/albums/4hDok0OAJd57SGIT8xuWJH,4hDok0OAJd57SGIT8xuWJH,,Fearless (Taylor's Version),2021-04-09,day,26,album,spotify:album:4hDok0OAJd57SGIT8xuWJH,https://open.spotify.com/album/4hDok0OAJd57SGIT8xuWJH,USUG12100620,https://open.spotify.com/track/550erGcdD9n6PnwxrvYqZT
,,1,234515,FALSE,https://api.spotify.com/v1/tracks/5YL553x8sHderRBDlm3NM3,5YL553x8sHderRBDlm3NM3,FALSE,White Horse (Taylors Version),65,NA,5,track,spotify:track:5YL553x8sHderRBDlm3NM3,album,,,https://api.spotify.com/v1/albums/4hDok0OAJd57SGIT8xuWJH,4hDok0OAJd57SGIT8xuWJH,,Fearless (Taylor's Version),2021-04-09,day,26,album,spotify:album:4hDok0OAJd57SGIT8xuWJH,https://open.spotify.com/album/4hDok0OAJd57SGIT8xuWJH,USUG12100621,https://open.spotify.com/track/5YL553x8sHderRBDlm3NM3
,,1,231124,FALSE,https://api.spotify.com/v1/tracks/1qrpoAMXodY6895hGKoUpA,1qrpoAMXodY6895hGKoUpA,FALSE,You Belong With Me (Taylors Version),74,NA,6,track,spotify:track:1qrpoAMXodY6895hGKoUpA,album,,,https://api.spotify.com/v1/albums/4hDok0OAJd57SGIT8xuWJH,4hDok0OAJd57SGIT8xuWJH,,Fearless (Taylor's Version),2021-04-09,day,26,album,spotify:album:4hDok0OAJd57SGIT8xuWJH,https://open.spotify.com/album/4hDok0OAJd57SGIT8xuWJH,USUG12100622,https://open.spotify.com/track/1qrpoAMXodY6895hGKoUpA
,,1,263377,FALSE,https://api.spotify.com/v1/tracks/7HC7R2D8WjXVcUHJyEGjRs,7HC7R2D8WjXVcUHJyEGjRs,FALSE,Breathe (feat. Colbie Caillat) (Taylors Version),63,NA,7,track,spotify:track:7HC7R2D8WjXVcUHJyEGjRs,album,,,https://api.spotify.com/v1/albums/4hDok0OAJd57SGIT8xuWJH,4hDok0OAJd57SGIT8xuWJH,,Fearless (Taylor's Version),2021-04-09,day,26,album,spotify:album:4hDok0OAJd57SGIT8xuWJH,https://open.spotify.com/album/4hDok0OAJd57SGIT8xuWJH,USUG12100623,https://open.spotify.com/track/7HC7R2D8WjXVcUHJyEGjRs
,,1,200575,FALSE,https://api.spotify.com/v1/tracks/0k0vFacOHNuArLWMiH60p7,0k0vFacOHNuArLWMiH60p7,FALSE,Tell Me Why (Taylors Version),62,NA,8,track,spotify:track:0k0vFacOHNuArLWMiH60p7,album,,,https://api.spotify.com/v1/albums/4hDok0OAJd57SGIT8xuWJH,4hDok0OAJd57SGIT8xuWJH,,Fearless (Taylor's Version),2021-04-09,day,26,album,spotify:album:4hDok0OAJd57SGIT8xuWJH,https://open.spotify.com/album/4hDok0OAJd57SGIT8xuWJH,USUG12100624,https://open.spotify.com/track/0k0vFacOHNuArLWMiH60p7
,,1,261842,FALSE,https://api.spotify.com/v1/tracks/6iiAfo4wTA2CVC3Uwx9uh8,6iiAfo4wTA2CVC3Uwx9uh8,FALSE,Youre Not Sorry (Taylors Version),63,NA,9,track,spotify:track:6iiAfo4wTA2CVC3Uwx9uh8,album,,,https://api.spotify.com/v1/albums/4hDok0OAJd57SGIT8xuWJH,4hDok0OAJd57SGIT8xuWJH,,Fearless (Taylor's Version),2021-04-09,day,26,album,spotify:album:4hDok0OAJd57SGIT8xuWJH,https://open.spotify.com/album/4hDok0OAJd57SGIT8xuWJH,USUG12100625,https://open.spotify.com/track/6iiAfo4wTA2CVC3Uwx9uh8
,,1,243136,FALSE,https://api.spotify.com/v1/tracks/22bPsP2jCgbLUvh82U0Z3M,22bPsP2jCgbLUvh82U0Z3M,FALSE,The Way I Loved You (Taylors Version),73,NA,10,track,spotify:track:22bPsP2jCgbLUvh82U0Z3M,album,,,https://api.spotify.com/v1/albums/4hDok0OAJd57SGIT8xuWJH,4hDok0OAJd57SGIT8xuWJH,,Fearless (Taylor's Version),2021-04-09,day,26,album,spotify:album:4hDok0OAJd57SGIT8xuWJH,https://open.spotify.com/album/4hDok0OAJd57SGIT8xuWJH,USUG12100626,https://open.spotify.com/track/22bPsP2jCgbLUvh82U0Z3M
,,1,225328,FALSE,https://api.spotify.com/v1/tracks/1msEuwSBneBKpVCZQcFTsU,1msEuwSBneBKpVCZQcFTsU,FALSE,Forever & Always (Taylors Version),66,NA,11,track,spotify:track:1msEuwSBneBKpVCZQcFTsU,album,,,https://api.spotify.com/v1/albums/4hDok0OAJd57SGIT8xuWJH,4hDok0OAJd57SGIT8xuWJH,,Fearless (Taylor's Version),2021-04-09,day,26,album,spotify:album:4hDok0OAJd57SGIT8xuWJH,https://open.spotify.com/album/4hDok0OAJd57SGIT8xuWJH,USUG12100627,https://open.spotify.com/track/1msEuwSBneBKpVCZQcFTsU
,,1,245290,FALSE,https://api.spotify.com/v1/tracks/6ON9UuIq49xXY9GPmHIYRp,6ON9UuIq49xXY9GPmHIYRp,FALSE,The Best Day (Taylors Version),61,NA,12,track,spotify:track:6ON9UuIq49xXY9GPmHIYRp,album,,,https://api.spotify.com/v1/albums/4hDok0OAJd57SGIT8xuWJH,4hDok0OAJd57SGIT8xuWJH,,Fearless (Taylor's Version),2021-04-09,day,26,album,spotify:album:4hDok0OAJd57SGIT8xuWJH,https://open.spotify.com/album/4hDok0OAJd57SGIT8xuWJH,USUG12100628,https://open.spotify.com/track/6ON9UuIq49xXY9GPmHIYRp
,,1,279359,FALSE,https://api.spotify.com/v1/tracks/3ExweHKZF9B752DPQByRVT,3ExweHKZF9B752DPQByRVT,FALSE,Change (Taylors Version),60,NA,13,track,spotify:track:3ExweHKZF9B752DPQByRVT,album,,,https://api.spotify.com/v1/albums/4hDok0OAJd57SGIT8xuWJH,4hDok0OAJd57SGIT8xuWJH,,Fearless (Taylor's Version),2021-04-09,day,26,album,spotify:album:4hDok0OAJd57SGIT8xuWJH,https://open.spotify.com/album/4hDok0OAJd57SGIT8xuWJH,USUG12100629,https://open.spotify.com/track/3ExweHKZF9B752DPQByRVT
,,1,237580,FALSE,https://api.spotify.com/v1/tracks/2m3ObD945KvpE5y9A1eUWm,2m3ObD945KvpE5y9A1eUWm,FALSE,Jump Then Fall (Taylors Version),61,NA,14,track,spotify:track:2m3ObD945KvpE5y9A1eUWm,album,,,https://api.spotify.com/v1/albums/4hDok0OAJd57SGIT8xuWJH,4hDok0OAJd57SGIT8xuWJH,,Fearless (Taylor's Version),2021-04-09,day,26,album,spotify:album:4hDok0OAJd57SGIT8xuWJH,https://open.spotify.com/album/4hDok0OAJd57SGIT8xuWJH,USUG12100630,https://open.spotify.com/track/2m3ObD945KvpE5y9A1eUWm
,,1,312107,FALSE,https://api.spotify.com/v1/tracks/0tQ9vBYpldCuikPsbgOVKA,0tQ9vBYpldCuikPsbgOVKA,FALSE,Untouchable (Taylors Version),61,NA,15,track,spotify:track:0tQ9vBYpldCuikPsbgOVKA,album,,,https://api.spotify.com/v1/albums/4hDok0OAJd57SGIT8xuWJH,4hDok0OAJd57SGIT8xuWJH,,Fearless (Taylor's Version),2021-04-09,day,26,album,spotify:album:4hDok0OAJd57SGIT8xuWJH,https://open.spotify.com/album/4hDok0OAJd57SGIT8xuWJH,USUG12100631,https://open.spotify.com/track/0tQ9vBYpldCuikPsbgOVKA
,,1,267833,FALSE,https://api.spotify.com/v1/tracks/01QdEx6kFr78ZejhQtWR5m,01QdEx6kFr78ZejhQtWR5m,FALSE,Forever & Always (Piano Version) (Taylors Version),62,NA,16,track,spotify:track:01QdEx6kFr78ZejhQtWR5m,album,,,https://api.spotify.com/v1/albums/4hDok0OAJd57SGIT8xuWJH,4hDok0OAJd57SGIT8xuWJH,,Fearless (Taylor's Version),2021-04-09,day,26,album,spotify:album:4hDok0OAJd57SGIT8xuWJH,https://open.spotify.com/album/4hDok0OAJd57SGIT8xuWJH,USUG12100632,https://open.spotify.com/track/01QdEx6kFr78ZejhQtWR5m
,,1,237338,FALSE,https://api.spotify.com/v1/tracks/1n2wszmJyVkw6FHqyLnQsY,1n2wszmJyVkw6FHqyLnQsY,FALSE,Come In With The Rain (Taylors Version),60,NA,17,track,spotify:track:1n2wszmJyVkw6FHqyLnQsY,album,,,https://api.spotify.com/v1/albums/4hDok0OAJd57SGIT8xuWJH,4hDok0OAJd57SGIT8xuWJH,,Fearless (Taylor's Version),2021-04-09,day,26,album,spotify:album:4hDok0OAJd57SGIT8xuWJH,https://open.spotify.com/album/4hDok0OAJd57SGIT8xuWJH,USUG12100633,https://open.spotify.com/track/1n2wszmJyVkw6FHqyLnQsY
,,1,263865,FALSE,https://api.spotify.com/v1/tracks/51A8eKvvZz9uydvIZ7xRSV,51A8eKvvZz9uydvIZ7xRSV,FALSE,Superstar (Taylors Version),59,NA,18,track,spotify:track:51A8eKvvZz9uydvIZ7xRSV,album,,,https://api.spotify.com/v1/albums/4hDok0OAJd57SGIT8xuWJH,4hDok0OAJd57SGIT8xuWJH,,Fearless (Taylor's Version),2021-04-09,day,26,album,spotify:album:4hDok0OAJd57SGIT8xuWJH,https://open.spotify.com/album/4hDok0OAJd57SGIT8xuWJH,USUG12100634,https://open.spotify.com/track/51A8eKvvZz9uydvIZ7xRSV
,,1,238443,FALSE,https://api.spotify.com/v1/tracks/1cSFlSBdpT4F5vb1frQ231,1cSFlSBdpT4F5vb1frQ231,FALSE,The Other Side Of The Door (Taylors Version),63,NA,19,track,spotify:track:1cSFlSBdpT4F5vb1frQ231,album,,,https://api.spotify.com/v1/albums/4hDok0OAJd57SGIT8xuWJH,4hDok0OAJd57SGIT8xuWJH,,Fearless (Taylor's Version),2021-04-09,day,26,album,spotify:album:4hDok0OAJd57SGIT8xuWJH,https://open.spotify.com/album/4hDok0OAJd57SGIT8xuWJH,USUG12100635,https://open.spotify.com/track/1cSFlSBdpT4F5vb1frQ231
,,1,241822,FALSE,https://api.spotify.com/v1/tracks/2JoJrsEV15OzbijS47lids,2JoJrsEV15OzbijS47lids,FALSE,Today Was A Fairytale (Taylors Version),61,NA,20,track,spotify:track:2JoJrsEV15OzbijS47lids,album,,,https://api.spotify.com/v1/albums/4hDok0OAJd57SGIT8xuWJH,4hDok0OAJd57SGIT8xuWJH,,Fearless (Taylor's Version),2021-04-09,day,26,album,spotify:album:4hDok0OAJd57SGIT8xuWJH,https://open.spotify.com/album/4hDok0OAJd57SGIT8xuWJH,USUG12100636,https://open.spotify.com/track/2JoJrsEV15OzbijS47lids
,,1,220839,FALSE,https://api.spotify.com/v1/tracks/4CHpVfAhuxNJ3ibExe6kxO,4CHpVfAhuxNJ3ibExe6kxO,FALSE,You All Over Me (feat. Maren Morris) (Taylors Version) (From The Vault),62,NA,21,track,spotify:track:4CHpVfAhuxNJ3ibExe6kxO,album,,,https://api.spotify.com/v1/albums/4hDok0OAJd57SGIT8xuWJH,4hDok0OAJd57SGIT8xuWJH,,Fearless (Taylor's Version),2021-04-09,day,26,album,spotify:album:4hDok0OAJd57SGIT8xuWJH,https://open.spotify.com/album/4hDok0OAJd57SGIT8xuWJH,USUG12100637,https://open.spotify.com/track/4CHpVfAhuxNJ3ibExe6kxO
,,1,277591,FALSE,https://api.spotify.com/v1/tracks/2CYVETnhM9aytqrazYYwrK,2CYVETnhM9aytqrazYYwrK,FALSE,Mr. Perfectly Fine (Taylors Version) (From The Vault),73,NA,22,track,spotify:track:2CYVETnhM9aytqrazYYwrK,album,,,https://api.spotify.com/v1/albums/4hDok0OAJd57SGIT8xuWJH,4hDok0OAJd57SGIT8xuWJH,,Fearless (Taylor's Version),2021-04-09,day,26,album,spotify:album:4hDok0OAJd57SGIT8xuWJH,https://open.spotify.com/album/4hDok0OAJd57SGIT8xuWJH,USUG12100638,https://open.spotify.com/track/2CYVETnhM9aytqrazYYwrK
,,1,244236,FALSE,https://api.spotify.com/v1/tracks/34V9RiEPe8MNdU32qJsJa1,34V9RiEPe8MNdU32qJsJa1,FALSE,We Were Happy (Taylors Version) (From The Vault),64,NA,23,track,spotify:track:34V9RiEPe8MNdU32qJsJa1,album,,,https://api.spotify.com/v1/albums/4hDok0OAJd57SGIT8xuWJH,4hDok0OAJd57SGIT8xuWJH,,Fearless (Taylor's Version),2021-04-09,day,26,album,spotify:album:4hDok0OAJd57SGIT8xuWJH,https://open.spotify.com/album/4hDok0OAJd57SGIT8xuWJH,USUG12100639,https://open.spotify.com/track/34V9RiEPe8MNdU32qJsJa1
,,1,189495,FALSE,https://api.spotify.com/v1/tracks/7eResoqEJJAVTkQYSqvO3P,7eResoqEJJAVTkQYSqvO3P,FALSE,Thats When (feat. Keith Urban) (Taylors Version) (From The Vault),66,NA,24,track,spotify:track:7eResoqEJJAVTkQYSqvO3P,album,,,https://api.spotify.com/v1/albums/4hDok0OAJd57SGIT8xuWJH,4hDok0OAJd57SGIT8xuWJH,,Fearless (Taylor's Version),2021-04-09,day,26,album,spotify:album:4hDok0OAJd57SGIT8xuWJH,https://open.spotify.com/album/4hDok0OAJd57SGIT8xuWJH,USUG12100640,https://open.spotify.com/track/7eResoqEJJAVTkQYSqvO3P
,,1,208608,FALSE,https://api.spotify.com/v1/tracks/4uuEGH5SVuzkkSFjo2DEiY,4uuEGH5SVuzkkSFjo2DEiY,FALSE,Dont You (Taylors Version) (From The Vault),64,NA,25,track,spotify:track:4uuEGH5SVuzkkSFjo2DEiY,album,,,https://api.spotify.com/v1/albums/4hDok0OAJd57SGIT8xuWJH,4hDok0OAJd57SGIT8xuWJH,,Fearless (Taylor's Version),2021-04-09,day,26,album,spotify:album:4hDok0OAJd57SGIT8xuWJH,https://open.spotify.com/album/4hDok0OAJd57SGIT8xuWJH,USUG12100641,https://open.spotify.com/track/4uuEGH5SVuzkkSFjo2DEiY
,,1,242157,FALSE,https://api.spotify.com/v1/tracks/4qUijfYU8EoIWiY6oSyrgT,4qUijfYU8EoIWiY6oSyrgT,FALSE,Bye Bye Baby (Taylors Version) (From The Vault),63,NA,26,track,spotify:track:4qUijfYU8EoIWiY6oSyrgT,album,,,https://api.spotify.com/v1/albums/4hDok0OAJd57SGIT8xuWJH,4hDok0OAJd57SGIT8xuWJH,,Fearless (Taylor's Version),2021-04-09,day,26,album,spotify:album:4hDok0OAJd57SGIT8xuWJH,https://open.spotify.com/album/4hDok0OAJd57SGIT8xuWJH,USUG12100642,https://open.spotify.com/track/4qUijfYU8EoIWiY6oSyrgT
