artist_name,artist_id,album_id,album_type,album_images,album_release_date,album_release_year,album_release_date_precision,danceability,energy,key,loudness,mode,speechiness,acousticness,instrumentalness,liveness,valence,tempo,track_id,analysis_url,time_signature,artists,available_markets,disc_number,duration_ms,explicit,track_href,is_local,track_name,track_preview_url,track_number,type,track_uri,external_urls.spotify,album_name,key_name,mode_name,key_mode
Taylor Swift,06HL4z0CvFAxyc27GXpf02,5hxKw2PurC0i1VVJMAntDU,single,,2021-09-17,2021,day,0.583,0.67,8,-7.289,1,0.0646,0.0374,1e-4,0.126,0.498,140.061,1Ov37jtRQ2YNAe8HzfczkL,https://api.spotify.com/v1/audio-analysis/1Ov37jtRQ2YNAe8HzfczkL,4,,,1,220433,FALSE,https://api.spotify.com/v1/tracks/1Ov37jtRQ2YNAe8HzfczkL,FALSE,Wildest Dreams (Taylor's Version),NA,1,track,spotify:track:1Ov37jtRQ2YNAe8HzfczkL,https://open.spotify.com/track/1Ov37jtRQ2YNAe8HzfczkL,Wildest Dreams (Taylor's Version),G#,major,G# major
Taylor Swift,06HL4z0CvFAxyc27GXpf02,49yiYOnz2UyaNl72xvDERt,single,,2021-08-17,2021,day,0.341,0.726,0,-7.271,1,0.0699,0.315,6.27e-5,0.0948,0.63,167.949,06zIBqLC9ZRm5i0iMf0kHI,https://api.spotify.com/v1/audio-analysis/06zIBqLC9ZRm5i0iMf0kHI,4,,,1,231526,FALSE,https://api.spotify.com/v1/tracks/06zIBqLC9ZRm5i0iMf0kHI,FALSE,Renegade - Pop Version,https://p.scdn.co/mp3-preview/5792ff3d67a314bb3f0fcb2ec3387c235b848643?cid=c344451380c543e58db878126d4d7ee6,1,track,spotify:track:06zIBqLC9ZRm5i0iMf0kHI,https://open.spotify.com/track/06zIBqLC9ZRm5i0iMf0kHI,Renegade (Pop Version),C,major,C major
Taylor Swift,06HL4z0CvFAxyc27GXpf02,40cMfQDrBCDmOaWZuNEmKq,single,,2021-07-24,2021,day,0.197,0.406,2,-10.904,1,0.0619,0.717,3.62e-4,0.293,0.251,90.053,0UAdDYrkCvVQftaKpL6q5f,https://api.spotify.com/v1/audio-analysis/0UAdDYrkCvVQftaKpL6q5f,4,,,1,227203,FALSE,https://api.spotify.com/v1/tracks/0UAdDYrkCvVQftaKpL6q5f,FALSE,the lakes - original version,NA,1,track,spotify:track:0UAdDYrkCvVQftaKpL6q5f,https://open.spotify.com/track/0UAdDYrkCvVQftaKpL6q5f,the lakes (original version),D,major,D major
Taylor Swift,06HL4z0CvFAxyc27GXpf02,4kD0pFwhEjEiF9pwUwkpNo,single,,2021-07-02,2021,day,0.532,0.708,0,-8.121,1,0.0505,0.435,0.0236,0.107,0.586,167.977,1aU1wpYBSpP0M6IiihY5Ue,https://api.spotify.com/v1/audio-analysis/1aU1wpYBSpP0M6IiihY5Ue,4,,,1,254466,FALSE,https://api.spotify.com/v1/tracks/1aU1wpYBSpP0M6IiihY5Ue,FALSE,Renegade (feat. Taylor Swift),https://p.scdn.co/mp3-preview/e3b1851865f3ee5f213dfd8d950e344e6b14ec8c?cid=c344451380c543e58db878126d4d7ee6,1,track,spotify:track:1aU1wpYBSpP0M6IiihY5Ue,https://open.spotify.com/track/1aU1wpYBSpP0M6IiihY5Ue,Renegade (feat. Taylor Swift),C,major,C major
Taylor Swift,06HL4z0CvFAxyc27GXpf02,4kD0pFwhEjEiF9pwUwkpNo,single,,2021-07-02,2021,day,0.702,0.476,9,-10.398,0,0.0264,0.866,0.397,0.0996,0.733,106.032,1gHohITQE5QT2a1jmmTTgZ,https://api.spotify.com/v1/audio-analysis/1gHohITQE5QT2a1jmmTTgZ,4,,,1,217133,FALSE,https://api.spotify.com/v1/tracks/1gHohITQE5QT2a1jmmTTgZ,FALSE,The Ghost of Cincinnati,https://p.scdn.co/mp3-preview/e31805b21412845fa2e5668bc2a007f0f941d83b?cid=c344451380c543e58db878126d4d7ee6,2,track,spotify:track:1gHohITQE5QT2a1jmmTTgZ,https://open.spotify.com/track/1gHohITQE5QT2a1jmmTTgZ,Renegade (feat. Taylor Swift),A,minor,A minor
Taylor Swift,06HL4z0CvFAxyc27GXpf02,4kD0pFwhEjEiF9pwUwkpNo,single,,2021-07-02,2021,day,0.696,0.323,0,-10.083,1,0.0293,0.742,0.0102,0.102,0.218,129.992,6SZGCzaZWFLgAqza4vGdLV,https://api.spotify.com/v1/audio-analysis/6SZGCzaZWFLgAqza4vGdLV,4,,,1,218426,FALSE,https://api.spotify.com/v1/tracks/6SZGCzaZWFLgAqza4vGdLV,FALSE,Latter Days (feat. Anaïs Mitchell),https://p.scdn.co/mp3-preview/e6849e96bdc6fc4241aecc674c6c6909a75a352a?cid=c344451380c543e58db878126d4d7ee6,3,track,spotify:track:6SZGCzaZWFLgAqza4vGdLV,https://open.spotify.com/track/6SZGCzaZWFLgAqza4vGdLV,Renegade (feat. Taylor Swift),C,major,C major
Taylor Swift,06HL4z0CvFAxyc27GXpf02,5C41iVpK8HXCe3qlLL3I38,single,,2021-06-14,2021,day,0.6,0.603,7,-8.696,1,0.0741,0.313,0,0.0872,0.379,168.085,77p4fRpoeiZMtUy3P9kN21,https://api.spotify.com/v1/audio-analysis/77p4fRpoeiZMtUy3P9kN21,4,,,1,225106,FALSE,https://api.spotify.com/v1/tracks/77p4fRpoeiZMtUy3P9kN21,FALSE,willow - 90's trend remix,NA,1,track,spotify:track:77p4fRpoeiZMtUy3P9kN21,https://open.spotify.com/track/77p4fRpoeiZMtUy3P9kN21,willow (90's trend remix),G,major,G major
Taylor Swift,06HL4z0CvFAxyc27GXpf02,2MbdQUj7tAaaBBhUwJE3KG,single,,2021-04-07,2021,day,0.661,0.819,11,-6.269,0,0.0519,0.167,0,0.0647,0.724,135.937,7l2tmgUhV7Y2aJHjiszifg,https://api.spotify.com/v1/audio-analysis/7l2tmgUhV7Y2aJHjiszifg,4,,,1,277591,FALSE,https://api.spotify.com/v1/tracks/7l2tmgUhV7Y2aJHjiszifg,FALSE,Mr. Perfectly Fine (Taylor’s Version) (From The Vault),NA,1,track,spotify:track:7l2tmgUhV7Y2aJHjiszifg,https://open.spotify.com/track/7l2tmgUhV7Y2aJHjiszifg,Mr. Perfectly Fine (Taylor’s Version) (From The Vault),B,minor,B minor
Taylor Swift,06HL4z0CvFAxyc27GXpf02,5xd9LleY1wqsgKVTwLoXYI,single,,2021-03-26,2021,day,0.589,0.496,2,-7.606,1,0.0377,0.818,0,0.101,0.44,142.731,5pcjystBtalYeqaiXCcgEY,https://api.spotify.com/v1/audio-analysis/5pcjystBtalYeqaiXCcgEY,4,,,1,220839,FALSE,https://api.spotify.com/v1/tracks/5pcjystBtalYeqaiXCcgEY,FALSE,You All Over Me (feat. Maren Morris) (Taylor’s Version) (From The Vault),NA,1,track,spotify:track:5pcjystBtalYeqaiXCcgEY,https://open.spotify.com/track/5pcjystBtalYeqaiXCcgEY,You All Over Me (feat. Maren Morris) (Taylor’s Version) (From The Vault),D,major,D major
Taylor Swift,06HL4z0CvFAxyc27GXpf02,3x4gaf5IPyFQNrxZY07CXA,single,,2021-03-23,2021,day,0.669,0.56,11,-8.285,0,0.0352,0.00215,3.23e-5,0.264,0.155,123.068,5RaBeejGtdPEszYEKYECs2,https://api.spotify.com/v1/audio-analysis/5RaBeejGtdPEszYEKYECs2,4,,,1,211857,FALSE,https://api.spotify.com/v1/tracks/5RaBeejGtdPEszYEKYECs2,FALSE,Love Story (Taylor's Version) - Elvira Remix,NA,1,track,spotify:track:5RaBeejGtdPEszYEKYECs2,https://open.spotify.com/track/5RaBeejGtdPEszYEKYECs2,Love Story (Taylor's Version) [Elvira Remix],B,minor,B minor
Taylor Swift,06HL4z0CvFAxyc27GXpf02,4j2syEjl3h1To8KbRgvmJn,single,,2021-02-12,2021,day,0.626,0.79,2,-4.302,1,0.0311,0.135,3.97e-6,0.0989,0.416,119.082,3CeCwYWvdfXbZLXFhBrbnf,https://api.spotify.com/v1/audio-analysis/3CeCwYWvdfXbZLXFhBrbnf,4,,,1,235766,FALSE,https://api.spotify.com/v1/tracks/3CeCwYWvdfXbZLXFhBrbnf,FALSE,Love Story (Taylor’s Version),NA,1,track,spotify:track:3CeCwYWvdfXbZLXFhBrbnf,https://open.spotify.com/track/3CeCwYWvdfXbZLXFhBrbnf,Love Story (Taylor’s Version),D,major,D major
Taylor Swift,06HL4z0CvFAxyc27GXpf02,5lIglDJlPaEoqVl2hhi3O0,single,,2020-12-19,2020,day,0.512,0.736,0,-5.519,1,0.0372,0.419,0,0.887,0.527,133.953,2ziekbazMdLS2Gtdo78RID,https://api.spotify.com/v1/audio-analysis/2ziekbazMdLS2Gtdo78RID,4,,,1,253866,FALSE,https://api.spotify.com/v1/tracks/2ziekbazMdLS2Gtdo78RID,FALSE,Christmas Tree Farm - Recorded Live at the 2019 iHeartRadio Jingle Ball,NA,1,track,spotify:track:2ziekbazMdLS2Gtdo78RID,https://open.spotify.com/track/2ziekbazMdLS2Gtdo78RID,Christmas Tree Farm (Recorded Live at the 2019 iHeartRadio Jingle Ball),C,major,C major
Taylor Swift,06HL4z0CvFAxyc27GXpf02,5rZ2dHO8pco3A7cYToyvR0,single,,2020-12-16,2020,day,0.36,0.643,7,-8.608,1,0.221,0.411,2.41e-4,0.136,0.535,81.551,5XkJj6sV2XLMaURdmdXgNx,https://api.spotify.com/v1/audio-analysis/5XkJj6sV2XLMaURdmdXgNx,4,,,1,208866,FALSE,https://api.spotify.com/v1/tracks/5XkJj6sV2XLMaURdmdXgNx,FALSE,willow - moonlit witch version,NA,1,track,spotify:track:5XkJj6sV2XLMaURdmdXgNx,https://open.spotify.com/track/5XkJj6sV2XLMaURdmdXgNx,willow (moonlit witch version),G,major,G major
Taylor Swift,06HL4z0CvFAxyc27GXpf02,6WzAiEDGTU7KmEyGwLpBXB,single,,2020-12-16,2020,day,0.392,0.578,4,-9.196,0,0.158,0.836,0.00181,0.145,0.519,80.738,3yk94DUDanXyVhRLVjmI3w,https://api.spotify.com/v1/audio-analysis/3yk94DUDanXyVhRLVjmI3w,4,,,1,214706,FALSE,https://api.spotify.com/v1/tracks/3yk94DUDanXyVhRLVjmI3w,FALSE,willow,NA,1,track,spotify:track:3yk94DUDanXyVhRLVjmI3w,https://open.spotify.com/track/3yk94DUDanXyVhRLVjmI3w,willow (the witch collection),E,minor,E minor
Taylor Swift,06HL4z0CvFAxyc27GXpf02,6WzAiEDGTU7KmEyGwLpBXB,single,,2020-12-16,2020,day,0.43,0.566,4,-10.157,0,0.28,0.458,1.56e-5,0.536,0.675,84.032,2Ta5c5Z6DvM8GX0U1polSo,https://api.spotify.com/v1/audio-analysis/2Ta5c5Z6DvM8GX0U1polSo,4,,,1,184819,FALSE,https://api.spotify.com/v1/tracks/2Ta5c5Z6DvM8GX0U1polSo,FALSE,willow - dancing witch version (Elvira remix),NA,2,track,spotify:track:2Ta5c5Z6DvM8GX0U1polSo,https://open.spotify.com/track/2Ta5c5Z6DvM8GX0U1polSo,willow (the witch collection),E,minor,E minor
Taylor Swift,06HL4z0CvFAxyc27GXpf02,6WzAiEDGTU7KmEyGwLpBXB,single,,2020-12-16,2020,day,0.628,0.383,4,-9.083,0,0.0427,0.893,0,0.148,0.563,83.954,77d7q9TNbsIDmRTDPkPv3L,https://api.spotify.com/v1/audio-analysis/77d7q9TNbsIDmRTDPkPv3L,4,,,1,214653,FALSE,https://api.spotify.com/v1/tracks/77d7q9TNbsIDmRTDPkPv3L,FALSE,willow - lonely witch version,NA,3,track,spotify:track:77d7q9TNbsIDmRTDPkPv3L,https://open.spotify.com/track/77d7q9TNbsIDmRTDPkPv3L,willow (the witch collection),E,minor,E minor
Taylor Swift,06HL4z0CvFAxyc27GXpf02,6WzAiEDGTU7KmEyGwLpBXB,single,,2020-12-16,2020,day,0.339,0.644,7,-8.608,1,0.223,0.421,2.4e-4,0.136,0.538,79.08,5F7hpFKLmWgMHGxQuwssuv,https://api.spotify.com/v1/audio-analysis/5F7hpFKLmWgMHGxQuwssuv,4,,,1,208866,FALSE,https://api.spotify.com/v1/tracks/5F7hpFKLmWgMHGxQuwssuv,FALSE,willow - moonlit witch version,NA,4,track,spotify:track:5F7hpFKLmWgMHGxQuwssuv,https://open.spotify.com/track/5F7hpFKLmWgMHGxQuwssuv,willow (the witch collection),G,major,G major
Taylor Swift,06HL4z0CvFAxyc27GXpf02,77wvNMSdOowJgpJx1kcKqc,single,,2020-12-15,2020,day,0.41,0.381,4,-9.083,0,0.0548,0.892,0,0.148,0.557,80.855,0U0etHtpARihOUUY8Akc7y,https://api.spotify.com/v1/audio-analysis/0U0etHtpARihOUUY8Akc7y,4,,,1,214653,FALSE,https://api.spotify.com/v1/tracks/0U0etHtpARihOUUY8Akc7y,FALSE,willow - lonely witch version,NA,1,track,spotify:track:0U0etHtpARihOUUY8Akc7y,https://open.spotify.com/track/0U0etHtpARihOUUY8Akc7y,willow (lonely witch version),E,minor,E minor
Taylor Swift,06HL4z0CvFAxyc27GXpf02,23u5rTisTUAWuQxaDft11P,single,,2020-12-13,2020,day,0.429,0.567,4,-10.157,0,0.272,0.449,1.5e-5,0.536,0.67,83.922,2NnrAdjE9cPdMklonMBuAv,https://api.spotify.com/v1/audio-analysis/2NnrAdjE9cPdMklonMBuAv,4,,,1,184819,FALSE,https://api.spotify.com/v1/tracks/2NnrAdjE9cPdMklonMBuAv,FALSE,willow - dancing witch version (Elvira remix),NA,1,track,spotify:track:2NnrAdjE9cPdMklonMBuAv,https://open.spotify.com/track/2NnrAdjE9cPdMklonMBuAv,willow [dancing witch version (Elvira remix)],E,minor,E minor
Taylor Swift,06HL4z0CvFAxyc27GXpf02,5smqkYeHq9jKRbaXpy3TpL,single,,2020-09-18,2020,day,0.452,0.441,7,-4.956,1,0.0258,0.685,0,0.128,0.497,88.668,4GS68CE8nKLIKjjapiSm2I,https://api.spotify.com/v1/audio-analysis/4GS68CE8nKLIKjjapiSm2I,4,,,1,312138,FALSE,https://api.spotify.com/v1/tracks/4GS68CE8nKLIKjjapiSm2I,FALSE,betty - Live from the 2020 Academy of Country Music Awards,NA,1,track,spotify:track:4GS68CE8nKLIKjjapiSm2I,https://open.spotify.com/track/4GS68CE8nKLIKjjapiSm2I,betty (Live from the 2020 Academy of Country Music Awards),G,major,G major
Taylor Swift,06HL4z0CvFAxyc27GXpf02,3kqqalY92DENp7FiztDOjH,single,,2020-07-30,2020,day,0.652,0.237,0,-8.364,0,0.0335,0.9,0,0.0991,0.367,129.976,2hmafYGj1CXYKIYcMnX4lj,https://api.spotify.com/v1/audio-analysis/2hmafYGj1CXYKIYcMnX4lj,4,,,1,228000,FALSE,https://api.spotify.com/v1/tracks/2hmafYGj1CXYKIYcMnX4lj,FALSE,cardigan - cabin in candlelight version,NA,1,track,spotify:track:2hmafYGj1CXYKIYcMnX4lj,https://open.spotify.com/track/2hmafYGj1CXYKIYcMnX4lj,cardigan (cabin in candlelight version),C,minor,C minor
Taylor Swift,06HL4z0CvFAxyc27GXpf02,4CF0YV0iNyfKoDt9jHbGj7,single,,2020-05-18,2020,day,0.502,0.462,11,-7.526,1,0.0265,0.578,0,0.721,0.304,97.085,3fGnrtrtL1IHSX9t4DKOYf,https://api.spotify.com/v1/audio-analysis/3fGnrtrtL1IHSX9t4DKOYf,4,,,1,296013,FALSE,https://api.spotify.com/v1/tracks/3fGnrtrtL1IHSX9t4DKOYf,FALSE,Cornelia Street - Live From Paris,NA,1,track,spotify:track:3fGnrtrtL1IHSX9t4DKOYf,https://open.spotify.com/track/3fGnrtrtL1IHSX9t4DKOYf,Cornelia Street (Live From Paris),B,major,B major
Taylor Swift,06HL4z0CvFAxyc27GXpf02,2apcAEM6coXOMnHitrpRDk,single,,2020-05-17,2020,day,0.49,0.228,0,-10.504,1,0.0361,0.794,0,0.733,0.217,75.858,7ryS0xBZNYjQqql34GCkDp,https://api.spotify.com/v1/audio-analysis/7ryS0xBZNYjQqql34GCkDp,4,,,1,262320,FALSE,https://api.spotify.com/v1/tracks/7ryS0xBZNYjQqql34GCkDp,FALSE,Daylight - Live From Paris,NA,1,track,spotify:track:7ryS0xBZNYjQqql34GCkDp,https://open.spotify.com/track/7ryS0xBZNYjQqql34GCkDp,Daylight (Live From Paris),C,major,C major
Taylor Swift,06HL4z0CvFAxyc27GXpf02,5nDpkszadFMGW6ZSYM9Q1V,single,,2020-05-17,2020,day,0.584,0.655,4,-5.551,1,0.0306,0.712,0,0.97,0.604,91.844,3oF7Or7T35yhQbGxbCGvRX,https://api.spotify.com/v1/audio-analysis/3oF7Or7T35yhQbGxbCGvRX,4,,,1,199066,FALSE,https://api.spotify.com/v1/tracks/3oF7Or7T35yhQbGxbCGvRX,FALSE,Death By A Thousand Cuts - Live From Paris,NA,1,track,spotify:track:3oF7Or7T35yhQbGxbCGvRX,https://open.spotify.com/track/3oF7Or7T35yhQbGxbCGvRX,Death By A Thousand Cuts (Live From Paris),E,major,E major
Taylor Swift,06HL4z0CvFAxyc27GXpf02,7hvsmGyWH2kJS5X4E4t039,single,,2020-05-17,2020,day,0.277,0.605,7,-7.076,1,0.0398,0.168,0.00246,0.954,0.479,68.541,4lD3RXyvHpJsM3BhIEC4aA,https://api.spotify.com/v1/audio-analysis/4lD3RXyvHpJsM3BhIEC4aA,4,,,1,229733,FALSE,https://api.spotify.com/v1/tracks/4lD3RXyvHpJsM3BhIEC4aA,FALSE,Lover - Live From Paris,NA,1,track,spotify:track:4lD3RXyvHpJsM3BhIEC4aA,https://open.spotify.com/track/4lD3RXyvHpJsM3BhIEC4aA,Lover (Live From Paris),G,major,G major
Taylor Swift,06HL4z0CvFAxyc27GXpf02,1jIp7CChnwdj9zUCvPxzQ7,single,,2020-05-17,2020,day,0.545,0.935,0,-6.584,1,0.0456,0.0428,5.14e-4,0.976,0.552,91.014,5fOV54t6mMYv3H9CsnvU81,https://api.spotify.com/v1/audio-analysis/5fOV54t6mMYv3H9CsnvU81,4,,,1,213026,FALSE,https://api.spotify.com/v1/tracks/5fOV54t6mMYv3H9CsnvU81,FALSE,ME! - Live From Paris,NA,1,track,spotify:track:5fOV54t6mMYv3H9CsnvU81,https://open.spotify.com/track/5fOV54t6mMYv3H9CsnvU81,ME! (Live From Paris),C,major,C major
Taylor Swift,06HL4z0CvFAxyc27GXpf02,2A1msASmUbUdaZyeOxpbAD,single,,2020-05-17,2020,day,0.473,0.54,0,-9.085,1,0.0425,0.167,0.00213,0.858,0.0995,125.022,2fgiBCtbWo8pijF6M7pN1i,https://api.spotify.com/v1/audio-analysis/2fgiBCtbWo8pijF6M7pN1i,4,,,1,210960,FALSE,https://api.spotify.com/v1/tracks/2fgiBCtbWo8pijF6M7pN1i,FALSE,The Archer - Live From Paris,NA,1,track,spotify:track:2fgiBCtbWo8pijF6M7pN1i,https://open.spotify.com/track/2fgiBCtbWo8pijF6M7pN1i,The Archer (Live From Paris),C,major,C major
Taylor Swift,06HL4z0CvFAxyc27GXpf02,1w1zVWd1JmsqAgfCw117Ra,single,,2020-05-17,2020,day,0.595,0.832,7,-6.467,1,0.0463,0.0637,2.25e-5,0.818,0.742,85.01,36a08nLG1xazGaaVKK0vv7,https://api.spotify.com/v1/audio-analysis/36a08nLG1xazGaaVKK0vv7,4,,,1,203960,FALSE,https://api.spotify.com/v1/tracks/36a08nLG1xazGaaVKK0vv7,FALSE,You Need To Calm Down - Live From Paris,NA,1,track,spotify:track:36a08nLG1xazGaaVKK0vv7,https://open.spotify.com/track/36a08nLG1xazGaaVKK0vv7,You Need To Calm Down (Live From Paris),G,major,G major
Taylor Swift,06HL4z0CvFAxyc27GXpf02,6l7iXnb2Y4yDR9zag3kckA,single,,2020-02-18,2020,day,0.343,0.864,0,-5.871,1,0.0875,0.672,0,0.962,0.714,90.905,7FKbTRXXIWVFQmPH8zGfU0,https://api.spotify.com/v1/audio-analysis/7FKbTRXXIWVFQmPH8zGfU0,3,,,1,219385,FALSE,https://api.spotify.com/v1/tracks/7FKbTRXXIWVFQmPH8zGfU0,FALSE,The Man - Live From Paris,NA,1,track,spotify:track:7FKbTRXXIWVFQmPH8zGfU0,https://open.spotify.com/track/7FKbTRXXIWVFQmPH8zGfU0,The Man (Live From Paris),C,major,C major
Taylor Swift,06HL4z0CvFAxyc27GXpf02,2Z2KdJE0nGGu0qdWA45mza,single,,2020-02-07,2020,day,0.729,0.637,2,-5.796,1,0.0384,0.0126,0.0326,0.0908,0.508,128.017,3RNDw7yywLNyawDKV99hTx,https://api.spotify.com/v1/audio-analysis/3RNDw7yywLNyawDKV99hTx,4,,,1,358573,FALSE,https://api.spotify.com/v1/tracks/3RNDw7yywLNyawDKV99hTx,FALSE,Love Story - Digital Dog Remix,NA,1,track,spotify:track:3RNDw7yywLNyawDKV99hTx,https://open.spotify.com/track/3RNDw7yywLNyawDKV99hTx,Love Story (Digital Dog Remix),D,major,D major
Taylor Swift,06HL4z0CvFAxyc27GXpf02,5sZIjREu3s225wwqJkgsYV,single,,2020-02-07,2020,day,0.601,0.744,6,-5.269,1,0.0369,0.0516,0.0111,0.117,0.484,133.95,4VbErhGDMTnvPAnt5z70DL,https://api.spotify.com/v1/audio-analysis/4VbErhGDMTnvPAnt5z70DL,4,,,1,262440,FALSE,https://api.spotify.com/v1/tracks/4VbErhGDMTnvPAnt5z70DL,FALSE,You're Not Sorry - CSI Remix,NA,1,track,spotify:track:4VbErhGDMTnvPAnt5z70DL,https://open.spotify.com/track/4VbErhGDMTnvPAnt5z70DL,You're Not Sorry (CSI Remix),F#,major,F# major
Taylor Swift,06HL4z0CvFAxyc27GXpf02,1iab5rfjNpGhoPlFzPyp4k,single,,2020-02-07,2020,day,0.718,0.755,2,-3.319,1,0.0382,0.0317,1.9e-5,0.137,0.49,119.003,5lA0yK8S5tP3xoaRMCp4Ug,https://api.spotify.com/v1/audio-analysis/5lA0yK8S5tP3xoaRMCp4Ug,4,,,1,233653,FALSE,https://api.spotify.com/v1/tracks/5lA0yK8S5tP3xoaRMCp4Ug,FALSE,Love Story - Pop Mix,NA,1,track,spotify:track:5lA0yK8S5tP3xoaRMCp4Ug,https://open.spotify.com/track/5lA0yK8S5tP3xoaRMCp4Ug,Love Story (Pop Mix),D,major,D major
Taylor Swift,06HL4z0CvFAxyc27GXpf02,5LGsh3kexUfi3qkIIxb8vK,single,,2020-01-31,2020,day,0.56,0.78,5,-4.895,0,0.0517,0.00244,0,0.0714,0.602,93.516,2slqvGLwzZZYsT4K4Y1GBC,https://api.spotify.com/v1/audio-analysis/2slqvGLwzZZYsT4K4Y1GBC,4,,,1,157507,FALSE,https://api.spotify.com/v1/tracks/2slqvGLwzZZYsT4K4Y1GBC,FALSE,Only The Young - Featured in Miss Americana,NA,1,track,spotify:track:2slqvGLwzZZYsT4K4Y1GBC,https://open.spotify.com/track/2slqvGLwzZZYsT4K4Y1GBC,Only The Young (Featured in Miss Americana),F,minor,F minor
Taylor Swift,06HL4z0CvFAxyc27GXpf02,5JnnrTE35MQagEnEkFthiF,single,,2019-12-06,2019,day,0.598,0.68,7,-4.505,1,0.0331,0.06,0,0.324,0.437,134.002,2mvabkN1i2gLnGAPUVdwek,https://api.spotify.com/v1/audio-analysis/2mvabkN1i2gLnGAPUVdwek,4,,,1,228026,FALSE,https://api.spotify.com/v1/tracks/2mvabkN1i2gLnGAPUVdwek,FALSE,Christmas Tree Farm,NA,1,track,spotify:track:2mvabkN1i2gLnGAPUVdwek,https://open.spotify.com/track/2mvabkN1i2gLnGAPUVdwek,Christmas Tree Farm,G,major,G major
Taylor Swift,06HL4z0CvFAxyc27GXpf02,6Ou4LWiU2Vu2V7KdHzw9At,single,,2019-11-26,2019,day,0.506,0.425,7,-8.198,1,0.0343,0.687,1.08e-6,0.158,0.214,68.449,2msvOEbkK50foYf9BMXr2X,https://api.spotify.com/v1/audio-analysis/2msvOEbkK50foYf9BMXr2X,4,,,1,233466,FALSE,https://api.spotify.com/v1/tracks/2msvOEbkK50foYf9BMXr2X,FALSE,Lover - First Dance Remix,NA,1,track,spotify:track:2msvOEbkK50foYf9BMXr2X,https://open.spotify.com/track/2msvOEbkK50foYf9BMXr2X,Lover (First Dance Remix),G,major,G major
Taylor Swift,06HL4z0CvFAxyc27GXpf02,2UfvnX1YYeC2cExMQTMbXC,single,,2019-11-13,2019,day,0.448,0.603,7,-7.176,1,0.064,0.433,0,0.0862,0.422,205.272,3i9UVldZOE0aD0JnyfAZZ0,https://api.spotify.com/v1/audio-analysis/3i9UVldZOE0aD0JnyfAZZ0,3,,,1,221306,FALSE,https://api.spotify.com/v1/tracks/3i9UVldZOE0aD0JnyfAZZ0,FALSE,Lover (Remix) [feat. Shawn Mendes],NA,1,track,spotify:track:3i9UVldZOE0aD0JnyfAZZ0,https://open.spotify.com/track/3i9UVldZOE0aD0JnyfAZZ0,Lover (Remix) [feat. Shawn Mendes],G,major,G major
Taylor Swift,06HL4z0CvFAxyc27GXpf02,531nfs5NPsmkRC1LJb1cdj,single,,2019-08-20,2019,day,0.726,0.88,2,-4.137,1,0.0581,0.072,4.62e-4,0.0906,0.739,95.037,7Bjf96uNizpvXLvNyOJpst,https://api.spotify.com/v1/audio-analysis/7Bjf96uNizpvXLvNyOJpst,4,,,1,152773,FALSE,https://api.spotify.com/v1/tracks/7Bjf96uNizpvXLvNyOJpst,FALSE,You Need To Calm Down - Clean Bandit Remix,NA,1,track,spotify:track:7Bjf96uNizpvXLvNyOJpst,https://open.spotify.com/track/7Bjf96uNizpvXLvNyOJpst,You Need To Calm Down (Clean Bandit Remix),D,major,D major
Taylor Swift,06HL4z0CvFAxyc27GXpf02,3rYkgtFOo9AlPaeKTtn6pM,single,,2019-08-16,2019,day,0.359,0.543,7,-7.582,1,0.0915,0.492,1.57e-5,0.118,0.453,68.504,0bzbvANY6oETSJLc0wlVGY,https://api.spotify.com/v1/audio-analysis/0bzbvANY6oETSJLc0wlVGY,4,,,1,221306,FALSE,https://api.spotify.com/v1/tracks/0bzbvANY6oETSJLc0wlVGY,FALSE,Lover,NA,1,track,spotify:track:0bzbvANY6oETSJLc0wlVGY,https://open.spotify.com/track/0bzbvANY6oETSJLc0wlVGY,Lover,G,major,G major
Taylor Swift,06HL4z0CvFAxyc27GXpf02,2mmpvWHLrUjSu5PN763rUu,single,,2019-07-23,2019,day,0.277,0.573,0,-9.374,1,0.0407,0.12,0.00556,0.0663,0.17,124.341,3Y7MHz19qCg1Pkxridtu1k,https://api.spotify.com/v1/audio-analysis/3Y7MHz19qCg1Pkxridtu1k,4,,,1,211280,FALSE,https://api.spotify.com/v1/tracks/3Y7MHz19qCg1Pkxridtu1k,FALSE,The Archer,NA,1,track,spotify:track:3Y7MHz19qCg1Pkxridtu1k,https://open.spotify.com/track/3Y7MHz19qCg1Pkxridtu1k,The Archer,C,major,C major
Taylor Swift,06HL4z0CvFAxyc27GXpf02,21dd5QyItuoqvPkViQXlKf,single,,2019-06-14,2019,day,0.768,0.678,2,-5.604,1,0.0505,0.00838,0,0.0596,0.706,85.025,29fRTIKsJhLUJoldM89GZS,https://api.spotify.com/v1/audio-analysis/29fRTIKsJhLUJoldM89GZS,4,,,1,171386,FALSE,https://api.spotify.com/v1/tracks/29fRTIKsJhLUJoldM89GZS,FALSE,You Need To Calm Down,NA,1,track,spotify:track:29fRTIKsJhLUJoldM89GZS,https://open.spotify.com/track/29fRTIKsJhLUJoldM89GZS,You Need To Calm Down,D,major,D major
Taylor Swift,06HL4z0CvFAxyc27GXpf02,6tHLalOVUNJYJlNYkRlNjC,single,,2019-04-26,2019,day,0.614,0.839,0,-4.143,1,0.0702,0.0291,0,0.112,0.657,182.123,4MsUsFfWseB9M2plGJyuIw,https://api.spotify.com/v1/audio-analysis/4MsUsFfWseB9M2plGJyuIw,4,,,1,193040,FALSE,https://api.spotify.com/v1/tracks/4MsUsFfWseB9M2plGJyuIw,FALSE,ME! (feat. Brendon Urie of Panic! At The Disco),NA,1,track,spotify:track:4MsUsFfWseB9M2plGJyuIw,https://open.spotify.com/track/4MsUsFfWseB9M2plGJyuIw,ME! (feat. Brendon Urie of Panic! At The Disco),C,major,C major
Taylor Swift,06HL4z0CvFAxyc27GXpf02,7gU675c7KZ54MzEcL1O3px,single,,2018-06-08,2018,day,0.68,0.821,0,-3.77,1,0.041,0.0956,0.00315,0.0826,0.571,105.986,2Sy2oGjP5RYB4cLVoDU0Gz,https://api.spotify.com/v1/audio-analysis/2Sy2oGjP5RYB4cLVoDU0Gz,4,,,1,173265,FALSE,https://api.spotify.com/v1/tracks/2Sy2oGjP5RYB4cLVoDU0Gz,FALSE,Delicate - Seeb Remix,NA,1,track,spotify:track:2Sy2oGjP5RYB4cLVoDU0Gz,https://open.spotify.com/track/2Sy2oGjP5RYB4cLVoDU0Gz,Delicate (Seeb Remix),C,major,C major
Taylor Swift,06HL4z0CvFAxyc27GXpf02,7HEXQkjBNiZilJcTWXwLOA,single,,2018-05-25,2018,day,0.692,0.552,0,-7.41,1,0.0407,0.0242,6.71e-4,0.0955,0.247,102.001,6SYwJcqaltK2WFRmD1unUV,https://api.spotify.com/v1/audio-analysis/6SYwJcqaltK2WFRmD1unUV,4,,,1,184281,FALSE,https://api.spotify.com/v1/tracks/6SYwJcqaltK2WFRmD1unUV,FALSE,Delicate - Sawyr And Ryan Tedder Mix,NA,1,track,spotify:track:6SYwJcqaltK2WFRmD1unUV,https://open.spotify.com/track/6SYwJcqaltK2WFRmD1unUV,Delicate (Sawyr And Ryan Tedder Mix),C,major,C major
Taylor Swift,06HL4z0CvFAxyc27GXpf02,74utZeTCeaXy01BjOddyv8,single,,2018-04-13,2018,day,0.664,0.447,0,-8.404,1,0.0341,0.577,0,0.0968,0.431,90.976,1Fj0T1XKuhRu7EZzJ7NJIK,https://api.spotify.com/v1/audio-analysis/1Fj0T1XKuhRu7EZzJ7NJIK,4,,,1,228460,FALSE,https://api.spotify.com/v1/tracks/1Fj0T1XKuhRu7EZzJ7NJIK,FALSE,Delicate - Recorded at The Tracking Room Nashville,NA,1,track,spotify:track:1Fj0T1XKuhRu7EZzJ7NJIK,https://open.spotify.com/track/1Fj0T1XKuhRu7EZzJ7NJIK,Spotify Singles,C,major,C major
Taylor Swift,06HL4z0CvFAxyc27GXpf02,74utZeTCeaXy01BjOddyv8,single,,2018-04-13,2018,day,0.641,0.444,6,-6.482,1,0.0239,0.412,0.00121,0.179,0.588,107.081,5eGX87IiKsGuzS3iw4CfCX,https://api.spotify.com/v1/audio-analysis/5eGX87IiKsGuzS3iw4CfCX,4,,,1,187823,FALSE,https://api.spotify.com/v1/tracks/5eGX87IiKsGuzS3iw4CfCX,FALSE,September - Recorded at The Tracking Room Nashville,NA,2,track,spotify:track:5eGX87IiKsGuzS3iw4CfCX,https://open.spotify.com/track/5eGX87IiKsGuzS3iw4CfCX,Spotify Singles,F#,major,F# major
Taylor Swift,06HL4z0CvFAxyc27GXpf02,45fMDoh9dhhQicddIZzhKM,single,,2017-12-01,2017,day,0.582,0.835,7,-4.899,1,0.222,0.133,0,0.102,0.496,160.09,1Ygm9KdH3wbzDekO8JgxcW,https://api.spotify.com/v1/audio-analysis/1Ygm9KdH3wbzDekO8JgxcW,4,,,1,189508,FALSE,https://api.spotify.com/v1/tracks/1Ygm9KdH3wbzDekO8JgxcW,FALSE,...Ready For It? - BloodPop® Remix,NA,1,track,spotify:track:1Ygm9KdH3wbzDekO8JgxcW,https://open.spotify.com/track/1Ygm9KdH3wbzDekO8JgxcW,...Ready For It? (BloodPop® Remix),G,major,G major
Taylor Swift,06HL4z0CvFAxyc27GXpf02,1Tv3rrFNdXGtTeP1plX2xE,single,,2015-05-17,2015,day,0.654,0.655,11,-7.388,0,0.106,0.0294,0,0.139,0.221,170.16,6xsEAm6w9oMQYYg3jkEkMT,https://api.spotify.com/v1/audio-analysis/6xsEAm6w9oMQYYg3jkEkMT,4,,,1,200106,FALSE,https://api.spotify.com/v1/tracks/6xsEAm6w9oMQYYg3jkEkMT,FALSE,Bad Blood,NA,1,track,spotify:track:6xsEAm6w9oMQYYg3jkEkMT,https://open.spotify.com/track/6xsEAm6w9oMQYYg3jkEkMT,Bad Blood,B,minor,B minor
Taylor Swift,06HL4z0CvFAxyc27GXpf02,4vkDxA22dFzObjOY1nnXPk,single,,2015-01-01,2015,day,0.584,0.809,8,-4.352,1,0.0387,0.00429,0,0.0888,0.247,130.104,5VDHMi7own9vDZjiwDES1e,https://api.spotify.com/v1/audio-analysis/5VDHMi7own9vDZjiwDES1e,4,,,1,198106,FALSE,https://api.spotify.com/v1/tracks/5VDHMi7own9vDZjiwDES1e,FALSE,Wildest Dreams - R3hab Remix,NA,1,track,spotify:track:5VDHMi7own9vDZjiwDES1e,https://open.spotify.com/track/5VDHMi7own9vDZjiwDES1e,Wildest Dreams (R3hab Remix),G#,major,G# major
Taylor Swift,06HL4z0CvFAxyc27GXpf02,11e4xCXllbvk8pWc1cCas1,single,,2013-10-21,2013,day,0.71,0.614,6,-6.965,1,0.0366,0.00164,1.54e-4,0.0785,0.673,135.012,0RFCHlNuTeUHIB36VuVbOL,https://api.spotify.com/v1/audio-analysis/0RFCHlNuTeUHIB36VuVbOL,4,,,1,237640,FALSE,https://api.spotify.com/v1/tracks/0RFCHlNuTeUHIB36VuVbOL,FALSE,"Sweeter Than Fiction - From ""One Chance"" Soundtrack",NA,1,track,spotify:track:0RFCHlNuTeUHIB36VuVbOL,https://open.spotify.com/track/0RFCHlNuTeUHIB36VuVbOL,Sweeter Than Fiction,F#,major,F# major
Taylor Swift,06HL4z0CvFAxyc27GXpf02,7CoqvPGCLHm7LbgH2Pz9aY,single,,2013-01-01,2013,day,0.683,0.627,6,-5.473,1,0.0345,0.265,4.86e-6,0.21,0.651,80.029,3an4u3iZSy63ygYcWslJ5f,https://api.spotify.com/v1/audio-analysis/3an4u3iZSy63ygYcWslJ5f,4,,,1,249760,FALSE,https://api.spotify.com/v1/tracks/3an4u3iZSy63ygYcWslJ5f,FALSE,Everything Has Changed - Remix,NA,1,track,spotify:track:3an4u3iZSy63ygYcWslJ5f,https://open.spotify.com/track/3an4u3iZSy63ygYcWslJ5f,Everything Has Changed (Remix),F#,major,F# major
Taylor Swift,06HL4z0CvFAxyc27GXpf02,4T5606j6qpkQrWlwbKPLOp,single,,2012-09-08,2012,day,0.565,0.255,0,-10.152,1,0.0314,0.646,0,0.127,0.174,57.964,0Nw8hv79MLJa1yjtsEgz08,https://api.spotify.com/v1/audio-analysis/0Nw8hv79MLJa1yjtsEgz08,4,,,1,265306,FALSE,https://api.spotify.com/v1/tracks/0Nw8hv79MLJa1yjtsEgz08,FALSE,Ronan,NA,1,track,spotify:track:0Nw8hv79MLJa1yjtsEgz08,https://open.spotify.com/track/0Nw8hv79MLJa1yjtsEgz08,Ronan,C,major,C major
Taylor Swift,06HL4z0CvFAxyc27GXpf02,7cfhaRiLqBzuAzc6Q24nyW,single,,2011-02-15,2011,day,0.491,0.703,7,-4.5,1,0.0319,0.0307,5.72e-6,0.167,0.344,157.988,4pFvEWbjBpPUdYRQly0THs,https://api.spotify.com/v1/audio-analysis/4pFvEWbjBpPUdYRQly0THs,4,,,1,242480,FALSE,https://api.spotify.com/v1/tracks/4pFvEWbjBpPUdYRQly0THs,FALSE,Today Was A Fairytale,NA,1,track,spotify:track:4pFvEWbjBpPUdYRQly0THs,https://open.spotify.com/track/4pFvEWbjBpPUdYRQly0THs,Today Was A Fairytale,G,major,G major
Taylor Swift,06HL4z0CvFAxyc27GXpf02,2JK0T590oG0pJckY9HRniL,single,,2010-01-01,2010,day,0.485,0.717,7,-4.54,1,0.0321,0.0284,5.63e-6,0.14,0.356,158.047,1P5QpwOgXJuoVTm3CWbnLY,https://api.spotify.com/v1/audio-analysis/1P5QpwOgXJuoVTm3CWbnLY,4,,,1,241813,FALSE,https://api.spotify.com/v1/tracks/1P5QpwOgXJuoVTm3CWbnLY,FALSE,Today Was A Fairytale - US Version,NA,1,track,spotify:track:1P5QpwOgXJuoVTm3CWbnLY,https://open.spotify.com/track/1P5QpwOgXJuoVTm3CWbnLY,Today Was A Fairytale,G,major,G major
Taylor Swift,06HL4z0CvFAxyc27GXpf02,7vzYp7FrKnTRoktBYsx9SF,single,,2008-12-02,2008,day,0.702,0.77,5,-5.319,1,0.0372,0.31,0,0.149,0.685,116.009,2IprIjGNRlj3TfqUWCAo0C,https://api.spotify.com/v1/audio-analysis/2IprIjGNRlj3TfqUWCAo0C,4,,,1,208253,FALSE,https://api.spotify.com/v1/tracks/2IprIjGNRlj3TfqUWCAo0C,FALSE,Last Christmas,NA,1,track,spotify:track:2IprIjGNRlj3TfqUWCAo0C,https://open.spotify.com/track/2IprIjGNRlj3TfqUWCAo0C,The Taylor Swift Holiday Collection,F,major,F major
Taylor Swift,06HL4z0CvFAxyc27GXpf02,7vzYp7FrKnTRoktBYsx9SF,single,,2008-12-02,2008,day,0.625,0.206,7,-12.568,1,0.0285,0.646,0,0.0915,0.392,79.466,1g09DZjQ7yBommCT6POY2n,https://api.spotify.com/v1/audio-analysis/1g09DZjQ7yBommCT6POY2n,4,,,1,184253,FALSE,https://api.spotify.com/v1/tracks/1g09DZjQ7yBommCT6POY2n,FALSE,Christmases When You Were Mine,NA,2,track,spotify:track:1g09DZjQ7yBommCT6POY2n,https://open.spotify.com/track/1g09DZjQ7yBommCT6POY2n,The Taylor Swift Holiday Collection,G,major,G major
Taylor Swift,06HL4z0CvFAxyc27GXpf02,7vzYp7FrKnTRoktBYsx9SF,single,,2008-12-02,2008,day,0.759,0.509,5,-6.593,1,0.0271,0.159,0,0.153,0.75,107.948,71IScwIe7bcIlpnlkbKVQw,https://api.spotify.com/v1/audio-analysis/71IScwIe7bcIlpnlkbKVQw,4,,,1,158600,FALSE,https://api.spotify.com/v1/tracks/71IScwIe7bcIlpnlkbKVQw,FALSE,Santa Baby,NA,3,track,spotify:track:71IScwIe7bcIlpnlkbKVQw,https://open.spotify.com/track/71IScwIe7bcIlpnlkbKVQw,The Taylor Swift Holiday Collection,F,major,F major
Taylor Swift,06HL4z0CvFAxyc27GXpf02,7vzYp7FrKnTRoktBYsx9SF,single,,2008-12-02,2008,day,0.423,0.311,7,-7.581,1,0.0319,0.621,0,0.0987,0.134,119.546,1cJkUN5LAotktryx2nPCr7,https://api.spotify.com/v1/audio-analysis/1cJkUN5LAotktryx2nPCr7,3,,,1,209893,FALSE,https://api.spotify.com/v1/tracks/1cJkUN5LAotktryx2nPCr7,FALSE,Silent Night,NA,4,track,spotify:track:1cJkUN5LAotktryx2nPCr7,https://open.spotify.com/track/1cJkUN5LAotktryx2nPCr7,The Taylor Swift Holiday Collection,G,major,G major
Taylor Swift,06HL4z0CvFAxyc27GXpf02,7vzYp7FrKnTRoktBYsx9SF,single,,2008-12-02,2008,day,0.689,0.793,7,-4.838,1,0.0356,0.298,0,0.107,0.506,122.879,31JVjy3XWnh6C2zf4kLCXN,https://api.spotify.com/v1/audio-analysis/31JVjy3XWnh6C2zf4kLCXN,4,,,1,232146,FALSE,https://api.spotify.com/v1/tracks/31JVjy3XWnh6C2zf4kLCXN,FALSE,Christmas Must Be Something More,NA,5,track,spotify:track:31JVjy3XWnh6C2zf4kLCXN,https://open.spotify.com/track/31JVjy3XWnh6C2zf4kLCXN,The Taylor Swift Holiday Collection,G,major,G major
Taylor Swift,06HL4z0CvFAxyc27GXpf02,7vzYp7FrKnTRoktBYsx9SF,single,,2008-12-02,2008,day,0.562,0.392,9,-9.014,1,0.0287,0.587,0,0.224,0.514,145.792,7GZ3KDorsc1yWndEtzGTjf,https://api.spotify.com/v1/audio-analysis/7GZ3KDorsc1yWndEtzGTjf,4,,,1,154000,FALSE,https://api.spotify.com/v1/tracks/7GZ3KDorsc1yWndEtzGTjf,FALSE,White Christmas,NA,6,track,spotify:track:7GZ3KDorsc1yWndEtzGTjf,https://open.spotify.com/track/7GZ3KDorsc1yWndEtzGTjf,The Taylor Swift Holiday Collection,A,major,A major
